region,month,incentive,sys,rte,savings
CAISO,7,mef,maxflex,0.6,-18.904456001732406
CAISO,7,dam,maxflex,0.6,-3.320279840673377
CAISO,7,aef,maxflex,0.6,-29.911760464311143
CAISO,7,tariff,maxflex,0.6,-31.22433009287914
CAISO,7,mef,25uptime_0flex,0.6,-35.99502598948152
CAISO,7,dam,25uptime_0flex,0.6,-10.124020865748806
CAISO,7,aef,25uptime_0flex,0.6,-33.23805540441726
CAISO,7,tariff,25uptime_0flex,0.6,-31.22433009287914
CAISO,7,mef,50uptime_50flex,0.6,-41.1284973427627
CAISO,7,dam,50uptime_50flex,0.6,-14.702696095191596
CAISO,7,aef,50uptime_50flex,0.6,-36.21694629142468
CAISO,7,tariff,50uptime_50flex,0.6,-31.22433009287914
CAISO,7,mef,100uptime_25flex,0.6,-61.77952505558125
CAISO,7,dam,100uptime_25flex,0.6,-55.10034241573239
CAISO,7,aef,100uptime_25flex,0.6,-60.5719864099718
CAISO,7,tariff,100uptime_25flex,0.6,-57.80608252322111
CAISO,7,mef,maxflex,0.6102564102564102,-16.906061783215897
CAISO,7,dam,maxflex,0.6102564102564102,-1.5838045492334871
CAISO,7,aef,maxflex,0.6102564102564102,-27.728369532137854
CAISO,7,tariff,maxflex,0.6102564102564102,-29.018879166947567
CAISO,7,mef,25uptime_0flex,0.6102564102564102,-33.709395300582656
CAISO,7,dam,25uptime_0flex,0.6102564102564102,-8.273196985652202
CAISO,7,aef,25uptime_0flex,0.6102564102564102,-30.99876035560353
CAISO,7,tariff,25uptime_0flex,0.6102564102564102,-29.018879166947567
CAISO,7,mef,50uptime_50flex,0.6102564102564102,-38.75658982439697
CAISO,7,dam,50uptime_50flex,0.6102564102564102,-12.774919690230412
CAISO,7,aef,50uptime_50flex,0.6102564102564102,-33.927585849552
CAISO,7,tariff,50uptime_50flex,0.6102564102564102,-29.018879166947567
CAISO,7,mef,100uptime_25flex,0.6102564102564102,-59.06054144120168
CAISO,7,dam,100uptime_25flex,0.6102564102564102,-52.493613971770465
CAISO,7,aef,100uptime_25flex,0.6102564102564102,-57.87329756274533
CAISO,7,tariff,100uptime_25flex,0.6102564102564102,-55.15387945559802
CAISO,7,mef,maxflex,0.6205128205128205,-14.973730183493315
CAISO,7,dam,maxflex,0.6205128205128205,0.09526660034063125
CAISO,7,aef,maxflex,0.6205128205128205,-25.61715681259837
CAISO,7,tariff,maxflex,0.6205128205128205,-26.88633570964321
CAISO,7,mef,25uptime_0flex,0.6205128205128205,-31.49932265098625
CAISO,7,dam,25uptime_0flex,0.6205128205128205,-6.483557366054627
CAISO,7,aef,25uptime_0flex,0.6205128205128205,-28.833491589395194
CAISO,7,tariff,25uptime_0flex,0.6205128205128205,-26.88633570964321
CAISO,7,mef,50uptime_50flex,0.6205128205128205,-36.46309247192759
CAISO,7,dam,50uptime_50flex,0.6205128205128205,-10.91087143088776
CAISO,7,aef,50uptime_50flex,0.6205128205128205,-31.71390674460073
CAISO,7,tariff,50uptime_50flex,0.6205128205128205,-26.88633570964321
CAISO,7,mef,100uptime_25flex,0.6205128205128205,-56.43144158266948
CAISO,7,dam,100uptime_25flex,0.6205128205128205,-49.97305836893134
CAISO,7,aef,100uptime_25flex,0.6205128205128205,-55.2638215699728
CAISO,7,tariff,100uptime_25flex,0.6205128205128205,-52.589352522445836
CAISO,7,mef,maxflex,0.6307692307692307,-13.104238635794234
CAISO,7,dam,maxflex,0.6307692307692307,1.7197338100911816
CAISO,7,aef,maxflex,0.6307692307692307,-23.574601417271577
CAISO,7,tariff,maxflex,0.6307692307692307,-24.82314325907978
CAISO,7,mef,25uptime_0flex,0.6307692307692307,-29.36112228267753
CAISO,7,dam,25uptime_0flex,0.6307692307692307,-4.752117408883004
CAISO,7,aef,25uptime_0flex,0.6307692307692307,-26.738638067616392
CAISO,7,tariff,25uptime_0flex,0.6307692307692307,-24.82314325907978
CAISO,7,mef,50uptime_50flex,0.6307692307692307,-34.24418039921334
CAISO,7,dam,50uptime_50flex,0.6307692307692307,-9.107442627133501
CAISO,7,aef,50uptime_50flex,0.6307692307692307,-29.57221720403813
CAISO,7,tariff,50uptime_50flex,0.6307692307692307,-24.82314325907978
CAISO,7,mef,100uptime_25flex,0.6307692307692307,-53.88784090652847
CAISO,7,dam,100uptime_25flex,0.6307692307692307,-47.53447205398934
CAISO,7,aef,100uptime_25flex,0.6307692307692307,-52.73920658509516
CAISO,7,tariff,100uptime_25flex,0.6307692307692307,-50.108224839156954
CAISO,7,mef,maxflex,0.641025641025641,-11.294570817621555
CAISO,7,dam,maxflex,0.641025641025641,3.2922180691297163
CAISO,7,aef,maxflex,0.641025641025641,-21.59740779459525
CAISO,7,tariff,maxflex,0.641025641025641,-22.825972966935236
CAISO,7,mef,25uptime_0flex,0.641025641025641,-27.291344326154682
CAISO,7,dam,25uptime_0flex,0.641025641025641,-3.0760835303408873
CAISO,7,aef,25uptime_0flex,0.641025641025641,-24.710819858534567
CAISO,7,tariff,25uptime_0flex,0.641025641025641,-22.825972966935236
CAISO,7,mef,50uptime_50flex,0.641025641025641,-32.09627351282596
CAISO,7,dam,50uptime_50flex,0.641025641025641,-7.36172354509939
CAISO,7,aef,50uptime_50flex,0.641025641025641,-27.49906172877356
CAISO,7,tariff,50uptime_50flex,0.641025641025641,-22.825972966935236
CAISO,7,mef,100uptime_25flex,0.641025641025641,-51.42563545202404
CAISO,7,dam,100uptime_25flex,0.641025641025641,-45.17392050112553
CAISO,7,aef,100uptime_25flex,0.641025641025641,-50.29537927973358
CAISO,7,tariff,100uptime_25flex,0.641025641025641,-47.70649324172915
CAISO,7,mef,maxflex,0.6512820512820513,-9.541900411044814
CAISO,7,dam,maxflex,0.6512820512820513,4.815175264891457
CAISO,7,aef,maxflex,0.6512820512820513,-19.68248798680633
CAISO,7,tariff,maxflex,0.6512820512820513,-20.89170567611618
CAISO,7,mef,25uptime_0flex,0.6512820512820513,-25.28675622653018
CAISO,7,dam,25uptime_0flex,0.6512820512820513,-1.4528381204142513
CAISO,7,aef,25uptime_0flex,0.6512820512820513,-22.746869939502517
CAISO,7,tariff,25uptime_0flex,0.6512820512820513,-20.89170567611618
CAISO,7,mef,50uptime_50flex,0.6512820512820513,-30.016017237033367
CAISO,7,dam,50uptime_50flex,0.6512820512820513,-5.6709877412394984
CAISO,7,aef,50uptime_50flex,0.6512820512820513,-25.491202488950293
CAISO,7,tariff,50uptime_50flex,0.6512820512820513,-20.89170567611618
CAISO,7,mef,100uptime_25flex,0.6512820512820513,-49.04097977561416
CAISO,7,dam,100uptime_25flex,0.6512820512820513,-42.887717028666806
CAISO,7,aef,100uptime_25flex,0.6512820512820513,-47.928522913123594
CAISO,7,tariff,100uptime_25flex,0.6512820512820513,-45.380406733983854
CAISO,7,mef,maxflex,0.6615384615384615,-7.843576373664276
CAISO,7,dam,maxflex,0.6615384615384615,6.290908981714847
CAISO,7,aef,maxflex,0.6615384615384615,-17.826945537398483
CAISO,7,tariff,maxflex,0.6615384615384615,-19.017415665634545
CAISO,7,mef,25uptime_0flex,0.6615384615384615,-23.34432589743671
CAISO,7,dam,25uptime_0flex,0.6615384615384615,0.12007409850690488
CAISO,7,aef,25uptime_0flex,0.6615384615384615,-20.843817692378458
CAISO,7,tariff,25uptime_0flex,0.6615384615384615,-19.017415665634545
CAISO,7,mef,50uptime_50flex,0.6615384615384615,-28.00026503180806
CAISO,7,dam,50uptime_50flex,0.6615384615384615,-4.032677853778439
CAISO,7,aef,50uptime_50flex,0.6615384615384615,-23.545602450361933
CAISO,7,tariff,50uptime_50flex,0.6615384615384615,-19.017415665634545
CAISO,7,mef,100uptime_25flex,0.6615384615384615,-46.73026691087599
CAISO,7,dam,100uptime_25flex,0.6615384615384615,-40.67240358636192
CAISO,7,aef,100uptime_25flex,0.6615384615384615,-45.635057441602314
CAISO,7,tariff,100uptime_25flex,0.6615384615384615,-43.12644693966022
CAISO,7,mef,maxflex,0.6717948717948717,-6.19710955879919
CAISO,7,dam,maxflex,0.6717948717948717,7.721582127032161
CAISO,7,aef,maxflex,0.6717948717948717,-16.028060872705392
CAISO,7,tariff,maxflex,0.6717948717948717,-17.200355884479656
CAISO,7,mef,25uptime_0flex,0.6717948717948717,-21.461206418086554
CAISO,7,dam,25uptime_0flex,0.6717948717948717,1.6449584634151795
CAISO,7,aef,25uptime_0flex,0.6717948717948717,-18.99887391081546
CAISO,7,tariff,25uptime_0flex,0.6717948717948717,-17.200355884479656
CAISO,7,mef,50uptime_50flex,0.6717948717948717,-26.04606251223849
CAISO,7,dam,50uptime_50flex,0.6717948717948717,-2.444392695705509
CAISO,7,aef,50uptime_50flex,0.6717948717948717,-21.65941004653963
CAISO,7,tariff,50uptime_50flex,0.6717948717948717,-17.200355884479656
CAISO,7,mef,100uptime_25flex,0.6717948717948717,-44.49011016414511
CAISO,7,dam,100uptime_25flex,0.6717948717948717,-38.524733302600715
CAISO,7,aef,100uptime_25flex,0.6717948717948717,-43.411621450127626
CAISO,7,tariff,100uptime_25flex,0.6717948717948717,-40.94131034516053
CAISO,7,mef,maxflex,0.6820512820512821,-4.600160542877387
CAISO,7,dam,maxflex,0.6820512820512821,9.109227508580561
CAISO,7,aef,maxflex,0.6820512820512821,-14.283278002439129
CAISO,7,tariff,maxflex,0.6820512820512821,-15.437944517796156
CAISO,7,mef,25uptime_0flex,0.6820512820512821,-19.634722111047644
CAISO,7,dam,25uptime_0flex,0.6820512820512821,3.1239816444164656
CAISO,7,aef,25uptime_0flex,0.6820512820512821,-17.209417160276843
CAISO,7,tariff,25uptime_0flex,0.6820512820512821,-15.437944517796156
CAISO,7,mef,50uptime_50flex,0.6820512820512821,-24.150633000776246
CAISO,7,dam,50uptime_50flex,0.6820512820512821,-0.9038755123114233
CAISO,7,aef,50uptime_50flex,0.6820512820512821,-19.829945233809696
CAISO,7,tariff,50uptime_50flex,0.6820512820512821,-15.437944517796156
CAISO,7,mef,100uptime_25flex,0.6820512820512821,-42.31732655265414
CAISO,7,dam,100uptime_25flex,0.6820512820512821,-36.44165460632095
CAISO,7,aef,100uptime_25flex,0.6820512820512821,-41.255055714035386
CAISO,7,tariff,100uptime_25flex,0.6820512820512821,-38.82189214447963
CAISO,7,mef,maxflex,0.6923076923076923,-3.0505285348347417
CAISO,7,dam,maxflex,0.6923076923076923,10.455757471416414
CAISO,7,aef,maxflex,0.6923076923076923,-12.590192402402984
CAISO,7,tariff,maxflex,0.6923076923076923,-13.72775274716168
CAISO,7,mef,25uptime_0flex,0.6923076923076923,-17.86235585755062
CAISO,7,dam,25uptime_0flex,0.6923076923076923,4.559181916351039
CAISO,7,aef,25uptime_0flex,0.6923076923076923,-15.47298135049495
CAISO,7,tariff,25uptime_0flex,0.6923076923076923,-13.72775274716168
CAISO,7,mef,50uptime_50flex,0.6923076923076923,-22.311364363727712
CAISO,7,dam,50uptime_50flex,0.6923076923076923,0.5909967175005839
CAISO,7,aef,50uptime_50flex,0.6923076923076923,-18.054686785901424
CAISO,7,tariff,50uptime_50flex,0.6923076923076923,-13.72775274716168
CAISO,7,mef,100uptime_25flex,0.6923076923076923,-40.208921714837
CAISO,7,dam,100uptime_25flex,0.6923076923076923,-34.42029676030133
CAISO,7,aef,100uptime_25flex,0.6923076923076923,-39.16238822197563
CAISO,7,tariff,100uptime_25flex,0.6923076923076923,-36.76527152012853
CAISO,7,mef,maxflex,0.7025641025641025,-1.5461412569539665
CAISO,7,dam,maxflex,0.7025641025641025,11.762972690811775
CAISO,7,aef,maxflex,0.7025641025641025,-10.946539958572314
CAISO,7,tariff,maxflex,0.7025641025641025,-12.06749358297006
CAISO,7,mef,25uptime_0flex,0.7025641025641025,-16.14173752386378
CAISO,7,dam,25uptime_0flex,0.7025641025641025,5.952478530710871
CAISO,7,aef,25uptime_0flex,0.7025641025641025,-13.787244396473154
CAISO,7,tariff,25uptime_0flex,0.7025641025641025,-12.06749358297006
CAISO,7,mef,50uptime_50flex,0.7025641025641025,-20.525797000753602
CAISO,7,dam,50uptime_50flex,0.7025641025641025,2.042223042792536
CAISO,7,aef,50uptime_50flex,0.7025641025641025,-16.331260701435706
CAISO,7,tariff,50uptime_50flex,0.7025641025641025,-12.06749358297006
CAISO,7,mef,100uptime_25flex,0.7025641025641025,-38.16207614235764
CAISO,7,dam,100uptime_25flex,0.7025641025641025,-32.45795666161083
CAISO,7,aef,100uptime_25flex,0.7025641025641025,-37.13082051070582
CAISO,7,tariff,100uptime_25flex,0.7025641025641025,-34.76869821325711
CAISO,7,mef,maxflex,0.7128205128205128,-0.08504569929992702
CAISO,7,dam,maxflex,0.7128205128205128,13.03257020605192
CAISO,7,aef,maxflex,0.7128205128205128,-9.35018686564319
CAISO,7,tariff,maxflex,0.7128205128205128,-10.455011660912772
CAISO,7,mef,25uptime_0flex,0.7128205128205128,-14.470633386829748
CAISO,7,dam,25uptime_0flex,0.7128205128205128,7.3056802784704375
CAISO,7,aef,25uptime_0flex,0.7128205128205128,-12.150017858394364
CAISO,7,tariff,25uptime_0flex,0.7128205128205128,-10.455011660912772
CAISO,7,mef,50uptime_50flex,0.7128205128205128,-18.7916128712463
CAISO,7,dam,50uptime_50flex,0.7128205128205128,3.4516874594430473
CAISO,7,aef,50uptime_50flex,0.7128205128205128,-14.657429612206375
CAISO,7,tariff,50uptime_50flex,0.7128205128205128,-10.455011660912772
CAISO,7,mef,100uptime_25flex,0.7128205128205128,-36.17413260074106
CAISO,7,dam,100uptime_25flex,0.7128205128205128,-30.55208678158771
CAISO,7,aef,100uptime_25flex,0.7128205128205128,-35.157715179616574
CAISO,7,tariff,100uptime_25flex,0.7128205128205128,-32.82958025335467
CAISO,7,mef,maxflex,0.7230769230769231,1.3346003389879986
CAISO,7,dam,maxflex,0.7230769230769231,14.266150770505073
CAISO,7,aef,maxflex,0.7230769230769231,-7.79912038527945
CAISO,7,tariff,maxflex,0.7230769230769231,-8.88827390685719
CAISO,7,mef,25uptime_0flex,0.7230769230769231,-12.846936459356957
CAISO,7,dam,25uptime_0flex,0.7230769230769231,8.620493324165917
CAISO,7,aef,25uptime_0flex,0.7230769230769231,-10.55923746323986
CAISO,7,tariff,25uptime_0flex,0.7230769230769231,-8.88827390685719
CAISO,7,mef,50uptime_50flex,0.7230769230769231,-17.10662545463288
CAISO,7,dam,50uptime_50flex,0.7230769230769231,4.821167069947402
CAISO,7,aef,50uptime_50flex,0.7230769230769231,-13.031083092884304
CAISO,7,tariff,50uptime_50flex,0.7230769230769231,-8.88827390685719
CAISO,7,mef,100uptime_25flex,0.7230769230769231,-34.24258462058866
CAISO,7,dam,100uptime_25flex,0.7230769230769231,-28.700284132203432
CAISO,7,aef,100uptime_25flex,0.7230769230769231,-33.24058446784899
CAISO,7,tariff,100uptime_25flex,0.7230769230769231,-30.945472732026804
CAISO,7,mef,maxflex,0.7333333333333333,2.7145359985825657
CAISO,7,dam,maxflex,0.7333333333333333,15.465225584903608
CAISO,7,aef,maxflex,0.7333333333333333,-6.291440379890944
CAISO,7,tariff,maxflex,0.7333333333333333,-7.3653609850832416
CAISO,7,mef,25uptime_0flex,0.7333333333333333,-11.268657627757575
CAISO,7,dam,25uptime_0flex,0.7333333333333333,9.89852838256918
CAISO,7,aef,25uptime_0flex,0.7333333333333333,-9.012954421795971
CAISO,7,tariff,25uptime_0flex,0.7333333333333333,-7.3653609850832416
CAISO,7,mef,50uptime_50flex,0.7333333333333333,-15.468770553169495
CAISO,7,dam,50uptime_50flex,0.7333333333333333,6.152339558479594
CAISO,7,aef,50uptime_50flex,0.7333333333333333,-11.450228783892916
CAISO,7,tariff,50uptime_50flex,0.7333333333333333,-7.3653609850832416
CAISO,7,mef,100uptime_25flex,0.7333333333333333,-32.36506595456649
CAISO,7,dam,100uptime_25flex,0.7333333333333333,-26.900280158326503
CAISO,7,aef,100uptime_25flex,0.7333333333333333,-31.37707978997693
CAISO,7,tariff,100uptime_25flex,0.7333333333333333,-29.114067518993643
CAISO,7,mef,maxflex,0.7435897435897436,4.0564044675676465
CAISO,7,dam,maxflex,0.7435897435897436,16.63122247338769
CAISO,7,aef,maxflex,0.7435897435897436,-4.825351547064849
CAISO,7,tariff,maxflex,0.7435897435897436,-5.88445945425416
CAISO,7,mef,25uptime_0flex,0.7435897435897436,-9.733917522547122
CAISO,7,dam,25uptime_0flex,0.7435897435897436,11.141307301430293
CAISO,7,aef,25uptime_0flex,0.7435897435897436,-7.509327464253922
CAISO,7,tariff,25uptime_0flex,0.7435897435897436,-5.88445945425416
CAISO,7,mef,50uptime_50flex,0.7435897435897436,-13.876097855884398
CAISO,7,dam,50uptime_50flex,0.7435897435897436,7.446790047328154
CAISO,7,aef,50uptime_50flex,0.7435897435897436,-9.912984248942664
CAISO,7,tariff,50uptime_50flex,0.7435897435897436,-5.88445945425416
CAISO,7,mef,100uptime_25flex,0.7435897435897436,-30.539340906917293
CAISO,7,dam,100uptime_25flex,0.7435897435897436,-25.149931466487534
CAISO,7,aef,100uptime_25flex,0.7435897435897436,-29.56498213770149
CAISO,7,tariff,100uptime_25flex,0.7435897435897436,-27.333183829075143
CAISO,7,mef,maxflex,0.7538461538461538,5.361759508825226
CAISO,7,dam,maxflex,0.7538461538461538,17.765491555382415
CAISO,7,aef,maxflex,0.7538461538461538,-3.399156287921125
CAISO,7,tariff,maxflex,0.7538461538461538,-4.443854563719584
CAISO,7,mef,25uptime_0flex,0.7538461538461538,-8.240939052852623
CAISO,7,dam,25uptime_0flex,0.7538461538461538,12.350269106852995
CAISO,7,aef,25uptime_0flex,0.7538461538461538,-6.0466155259647545
CAISO,7,tariff,25uptime_0flex,0.7538461538461538,-4.443854563719584
CAISO,7,mef,50uptime_50flex,0.7538461538461538,-12.32676319117853
CAISO,7,dam,50uptime_50flex,0.7538461538461538,8.706017393622972
CAISO,7,aef,50uptime_50flex,0.7538461538461538,-8.417569497256412
CAISO,7,tariff,50uptime_50flex,0.7538461538461538,-4.443854563719584
CAISO,7,mef,100uptime_25flex,0.7538461538461538,-28.7632954524014
CAISO,7,dam,100uptime_25flex,0.7538461538461538,-23.447211310480885
CAISO,7,aef,100uptime_25flex,0.7538461538461538,-27.802193265079584
CAISO,7,tariff,100uptime_25flex,0.7538461538461538,-25.60075955929087
CAISO,7,mef,maxflex,0.764102564102564,6.6320714617268965
CAISO,7,dam,maxflex,0.764102564102564,18.86931046067929
CAISO,7,aef,maxflex,0.764102564102564,-2.011248149828232
CAISO,7,tariff,maxflex,0.764102564102564,-3.0419236299783265
CAISO,7,mef,25uptime_0flex,0.764102564102564,-6.78804054207608
CAISO,7,dam,25uptime_0flex,0.764102564102564,13.52677556179457
CAISO,7,aef,25uptime_0flex,0.764102564102564,-4.6231710222605304
CAISO,7,tariff,25uptime_0flex,0.764102564102564,-3.0419236299783265
CAISO,7,mef,50uptime_50flex,0.764102564102564,-10.81902140337746
CAISO,7,dam,50uptime_50flex,0.764102564102564,9.93143997894347
CAISO,7,aef,50uptime_50flex,0.764102564102564,-6.962300108031494
CAISO,7,tariff,50uptime_50flex,0.764102564102564,-3.0419236299783265
CAISO,7,mef,100uptime_25flex,0.764102564102564,-27.034929070489998
CAISO,7,dam,100uptime_25flex,0.764102564102564,-21.790201762689225
CAISO,7,aef,100uptime_25flex,0.764102564102564,-26.086727583669227
CAISO,7,tariff,100uptime_25flex,0.764102564102564,-23.91484332359722
CAISO,7,mef,maxflex,0.7743589743589743,7.868732766869576
CAISO,7,dam,maxflex,0.7743589743589743,19.943889130074258
CAISO,7,aef,maxflex,0.7743589743589743,-0.6601057902278608
CAISO,7,tariff,maxflex,0.7743589743589743,-1.677129939514966
CAISO,7,mef,25uptime_0flex,0.7743589743589743,-5.373629409068455
CAISO,7,dam,25uptime_0flex,0.7743589743589743,14.672116282830393
CAISO,7,aef,25uptime_0flex,0.7743589743589743,-3.2374336577272964
CAISO,7,tariff,25uptime_0flex,0.7743589743589743,-1.677129939514966
CAISO,7,mef,50uptime_50flex,0.7743589743589743,-9.351219795385722
CAISO,7,dam,50uptime_50flex,0.7743589743589743,11.124401038825015
CAISO,7,aef,50uptime_50flex,0.7743589743589743,-5.545580901302603
CAISO,7,tariff,50uptime_50flex,0.7743589743589743,-1.677129939514966
CAISO,7,mef,100uptime_25flex,0.7743589743589743,-25.352347228496686
CAISO,7,dam,100uptime_25flex,0.7743589743589743,-20.17708650755421
CAISO,7,aef,100uptime_25flex,0.7743589743589743,-24.416704701766218
CAISO,7,tariff,100uptime_25flex,0.7743589743589743,-22.273587120635018
CAISO,7,mef,maxflex,0.7846153846153846,9.073063057498741
CAISO,7,dam,maxflex,0.7846153846153846,20.990374239485064
CAISO,7,aef,maxflex,0.7846153846153846,0.6557125861149948
CAISO,7,tariff,maxflex,0.7846153846153846,-0.348017129848985
CAISO,7,mef,25uptime_0flex,0.7846153846153846,-3.9961963448976205
CAISO,7,dam,25uptime_0flex,0.7846153846153846,15.787513455603866
CAISO,7,aef,25uptime_0flex,0.7846153846153846,-1.8879247210249637
CAISO,7,tariff,25uptime_0flex,0.7846153846153846,-0.348017129848985
CAISO,7,mef,50uptime_50flex,0.7846153846153846,-7.921792085642102
CAISO,7,dam,50uptime_50flex,0.7846153846153846,12.286173574265229
CAISO,7,aef,50uptime_50flex,0.7846153846153846,-4.165900105207118
CAISO,7,tariff,50uptime_50flex,0.7846153846153846,-0.348017129848985
CAISO,7,mef,100uptime_25flex,0.7846153846153846,-23.713754454267956
CAISO,7,dam,100uptime_25flex,0.7846153846153846,-18.60614420026591
CAISO,7,aef,100uptime_25flex,0.7846153846153846,-22.790342548801938
CAISO,7,tariff,100uptime_25flex,0.7846153846153846,-20.675239576574647
CAISO,7,mef,maxflex,0.7948717948717948,10.24631385675682
CAISO,7,dam,maxflex,0.7948717948717948,22.009853281556225
CAISO,7,aef,maxflex,0.7948717948717948,1.9375743591973895
CAISO,7,tariff,maxflex,0.7948717948717948,0.9467959944068595
CAISO,7,mef,25uptime_0flex,0.7948717948717948,-2.654309940447327
CAISO,7,dam,25uptime_0flex,0.7948717948717948,16.874126185208972
CAISO,7,aef,25uptime_0flex,0.7948717948717948,-0.5732418213988604
CAISO,7,tariff,25uptime_0flex,0.7948717948717948,0.9467959944068595
CAISO,7,mef,50uptime_50flex,0.7948717948717948,-6.529252832924152
CAISO,7,dam,50uptime_50flex,0.7948717948717948,13.417964882984375
CAISO,7,aef,50uptime_50flex,0.7948717948717948,-2.821823974817366
CAISO,7,tariff,50uptime_50flex,0.7948717948717948,0.9467959944068595
CAISO,7,mef,100uptime_25flex,0.7948717948717948,-22.11744794518062
CAISO,7,dam,100uptime_25flex,0.7948717948717948,-17.075742339617303
CAISO,7,aef,100uptime_25flex,0.7948717948717948,-21.205951032043192
CAISO,7,tariff,100uptime_25flex,0.7948717948717948,-19.118139711071855
CAISO,7,mef,maxflex,0.8051282051282052,11.389672915906417
CAISO,7,dam,maxflex,0.8051282051282052,23.003358335294365
CAISO,7,aef,maxflex,0.8051282051282052,3.186777233602519
CAISO,7,tariff,maxflex,0.8051282051282052,2.2086202492552336
CAISO,7,mef,25uptime_0flex,0.8051282051282052,-1.3466117246454417
CAISO,7,dam,25uptime_0flex,0.8051282051282052,17.93305451405982
CAISO,7,aef,25uptime_0flex,0.8051282051282052,0.7079459725043331
CAISO,7,tariff,25uptime_0flex,0.8051282051282052,2.2086202492552336
CAISO,7,mef,50uptime_50flex,0.8051282051282052,-5.172192287281774
CAISO,7,dam,50uptime_50flex,0.8051282051282052,14.520920744347645
CAISO,7,aef,50uptime_50flex,0.8051282051282052,-1.5119918222719018
CAISO,7,tariff,50uptime_50flex,0.8051282051282052,2.2086202492552336
CAISO,7,mef,100uptime_25flex,0.8051282051282052,-20.561811665624177
CAISO,7,dam,100uptime_25flex,0.8051282051282052,-15.58433160917632
CAISO,7,aef,100uptime_25flex,0.8051282051282052,-19.661926178131807
CAISO,7,tariff,100uptime_25flex,0.8051282051282052,-17.60071117972118
CAISO,7,mef,maxflex,0.8153846153846154,12.504268225140304
CAISO,7,dam,maxflex,0.8153846153846154,23.971869551202612
CAISO,7,aef,maxflex,0.8153846153846154,4.404553620601227
CAISO,7,tariff,maxflex,0.8153846153846154,3.4387004976921993
CAISO,7,mef,25uptime_0flex,0.8153846153846154,-0.07181157716561294
CAISO,7,dam,25uptime_0flex,0.8153846153846154,18.96534313652449
CAISO,7,aef,25uptime_0flex,0.8153846153846154,1.956902626938235
CAISO,7,tariff,25uptime_0flex,0.8153846153846154,3.4387004976921993
CAISO,7,mef,50uptime_50flex,0.8153846153846154,-3.8492716295801097
CAISO,7,dam,50uptime_50flex,0.8153846153846154,15.596129288443905
CAISO,7,aef,50uptime_50flex,0.8153846153846154,-0.23511142199174906
CAISO,7,tariff,50uptime_50flex,0.8153846153846154,3.4387004976921993
CAISO,7,mef,100uptime_25flex,0.8153846153846154,-19.04531088995595
CAISO,7,dam,100uptime_25flex,0.8153846153846154,-14.130440645538878
CAISO,7,aef,100uptime_25flex,0.8153846153846154,-18.15674471677166
CAISO,7,tariff,100uptime_25flex,0.8153846153846154,-16.12145695104338
CAISO,7,mef,maxflex,0.8256410256410256,13.591171725449108
CAISO,7,dam,maxflex,0.8256410256410256,24.91631837665351
CAISO,7,aef,maxflex,0.8256410256410256,5.592074693637236
CAISO,7,tariff,maxflex,0.8256410256410256,4.638219746168103
CAISO,7,mef,25uptime_0flex,0.8256410256410256,1.1713165169606399
CAISO,7,dam,25uptime_0flex,0.8256410256410256,19.971984836691867
CAISO,7,aef,25uptime_0flex,0.8256410256410256,3.1748293023800005
CAISO,7,tariff,25uptime_0flex,0.8256410256410256,4.638219746168103
CAISO,7,mef,50uptime_50flex,0.8256410256410256,-2.5592185658586364
CAISO,7,dam,50uptime_50flex,0.8256410256410256,16.64462457678621
CAISO,7,aef,50uptime_50flex,0.8256410256410256,1.010045241635467
CAISO,7,tariff,50uptime_50flex,0.8256410256410256,4.638219746168103
CAISO,7,mef,100uptime_25flex,0.8256410256410256,-17.56648715219255
CAISO,7,dam,100uptime_25flex,0.8256410256410256,-12.712671196526
CAISO,7,aef,100uptime_25flex,0.8256410256410256,-16.68895906811617
CAISO,7,tariff,100uptime_25flex,0.8256410256410256,-14.678954380221445
CAISO,7,mef,maxflex,0.8358974358974358,14.65140274722274
CAISO,7,dam,maxflex,0.8358974358974358,25.837590543811125
CAISO,7,aef,maxflex,0.8358974358974358,6.750454145249038
CAISO,7,tariff,maxflex,0.8358974358974358,5.808302939467579
CAISO,7,mef,25uptime_0flex,0.8358974358974358,2.3839384001881254
CAISO,7,dam,25uptime_0flex,0.8358974358974358,20.953923673051467
CAISO,7,aef,25uptime_0flex,0.8358974358974358,4.362868206645257
CAISO,7,tariff,25uptime_0flex,0.8358974358974358,5.808302939467579
CAISO,7,mef,50uptime_50flex,0.8358974358974358,-1.3008232460321336
CAISO,7,dam,50uptime_50flex,0.8358974358974358,17.667389919402343
CAISO,7,aef,50uptime_50flex,0.8358974358974358,2.2246459135172554
CAISO,7,tariff,50uptime_50flex,0.8358974358974358,5.808302939467579
CAISO,7,mef,100uptime_25flex,0.8358974358974358,-16.123953567503126
CAISO,7,dam,100uptime_25flex,0.8358974358974358,-11.329693635832468
CAISO,7,aef,100uptime_25flex,0.8358974358974358,-15.257192699182296
CAISO,7,tariff,100uptime_25flex,0.8358974358974358,-13.27185064549762
CAISO,7,mef,maxflex,0.8461538461538461,15.685931198771566
CAISO,7,dam,maxflex,0.8461538461538461,26.73652884024978
CAISO,7,aef,maxflex,0.8461538461538461,7.880751670761186
CAISO,7,tariff,maxflex,0.8461538461538461,6.950020479594118
CAISO,7,mef,25uptime_0flex,0.8461538461538461,3.5671633892767534
CAISO,7,dam,25uptime_0flex,0.8461538461538461,21.912057931559954
CAISO,7,aef,25uptime_0flex,0.8461538461538461,5.522106167776839
CAISO,7,tariff,25uptime_0flex,0.8461538461538461,6.950020479594118
CAISO,7,mef,50uptime_50flex,0.8461538461538461,-0.07293447941357845
CAISO,7,dam,50uptime_50flex,0.8461538461538461,18.665360950682295
CAISO,7,aef,50uptime_50flex,0.8461538461538461,3.4098017206261275
CAISO,7,tariff,50uptime_50flex,0.8461538461538461,6.950020479594118
CAISO,7,mef,100uptime_25flex,0.8461538461538461,-14.716390493957604
CAISO,7,dam,100uptime_25flex,0.8461538461538461,-9.980242803882973
CAISO,7,aef,100uptime_25flex,0.8461538461538461,-13.860135817980028
CAISO,7,tariff,100uptime_25flex,0.8461538461538461,-11.898858516460148
CAISO,7,mef,maxflex,0.8564102564102564,16.695680525732378
CAISO,7,dam,maxflex,0.8564102564102564,27.613935680486314
CAISO,7,aef,maxflex,0.8564102564102564,8.983976201650275
CAISO,7,tariff,maxflex,0.8564102564102564,8.06439149181489
CAISO,7,mef,25uptime_0flex,0.8564102564102564,4.722047660063877
CAISO,7,dam,25uptime_0flex,0.8564102564102564,22.847242866511348
CAISO,7,aef,25uptime_0flex,0.8564102564102564,6.653577950198674
CAISO,7,tariff,25uptime_0flex,0.8564102564102564,8.06439149181489
CAISO,7,mef,50uptime_50flex,0.8564102564102564,1.1255437778249333
CAISO,7,dam,50uptime_50flex,0.8564102564102564,19.63942848420708
CAISO,7,aef,50uptime_50flex,0.8564102564102564,4.5665705622952775
CAISO,7,tariff,50uptime_50flex,0.8564102564102564,8.06439149181489
CAISO,7,mef,100uptime_25flex,0.8564102564102564,-13.342541506005984
CAISO,7,dam,100uptime_25flex,0.8564102564102564,-8.66311414754901
CAISO,7,aef,100uptime_25flex,0.8564102564102564,-12.496541377046178
CAISO,7,tariff,100uptime_25flex,0.8564102564102564,-10.558752426442586
CAISO,7,mef,maxflex,0.8666666666666667,17.681530460339097
CAISO,7,dam,maxflex,0.8666666666666667,28.47057549491844
CAISO,7,aef,maxflex,0.8666666666666667,10.061088909323049
CAISO,7,tariff,maxflex,0.8666666666666667,9.15238685877631
CAISO,7,mef,25uptime_0flex,0.8666666666666667,5.849597391897432
CAISO,7,dam,25uptime_0flex,0.8666666666666667,23.760293246789292
CAISO,7,aef,25uptime_0flex,0.8666666666666667,7.758269335403445
CAISO,7,tariff,25uptime_0flex,0.8666666666666667,9.15238685877631
CAISO,7,mef,50uptime_50flex,0.8666666666666667,2.2956556857796495
CAISO,7,dam,50uptime_50flex,0.8666666666666667,20.590441164867343
CAISO,7,aef,50uptime_50flex,0.8666666666666667,5.695960259782909
CAISO,7,tariff,50uptime_50flex,0.8666666666666667,9.15238685877631
CAISO,7,mef,100uptime_25flex,0.8666666666666667,-12.001209653863881
CAISO,7,dam,100uptime_25flex,0.8666666666666667,-7.377160133968539
CAISO,7,aef,100uptime_25flex,0.8666666666666667,-11.165221360749655
CAISO,7,tariff,100uptime_25flex,0.8666666666666667,-9.25036482376373
CAISO,7,mef,maxflex,0.8769230769230769,18.64431957776203
CAISO,7,dam,maxflex,0.8769230769230769,29.307176951118205
CAISO,7,aef,maxflex,0.8769230769230769,11.113005998102892
CAISO,7,tariff,maxflex,0.8769230769230769,10.214932041714073
CAISO,7,mef,25uptime_0flex,0.8769230769230769,6.9507716914073825
CAISO,7,dam,25uptime_0flex,0.8769230769230769,24.65198572343504
CAISO,7,aef,25uptime_0flex,0.8769230769230769,8.837119986451341
CAISO,7,tariff,25uptime_0flex,0.8769230769230769,10.214932041714073
CAISO,7,mef,50uptime_50flex,0.8769230769230769,3.438396554951789
CAISO,7,dam,50uptime_50flex,0.8769230769230769,21.51920793486888
CAISO,7,aef,50uptime_50flex,0.8769230769230769,6.798931484814669
CAISO,7,tariff,50uptime_50flex,0.8769230769230769,10.214932041714073
CAISO,7,mef,100uptime_25flex,0.8769230769230769,-10.691253985397664
CAISO,7,dam,100uptime_25flex,0.8769230769230769,-6.1212869160273815
CAISO,7,aef,100uptime_25flex,0.8769230769230769,-9.865043333138637
CAISO,7,tariff,100uptime_25flex,0.8769230769230769,-7.972582779039999
CAISO,7,mef,maxflex,0.8871794871794871,19.584847675128938
CAISO,7,dam,maxflex,0.8871794871794871,30.124435021047482
CAISO,7,aef,maxflex,0.8871794871794871,12.14060130448319
CAISO,7,tariff,maxflex,0.8871794871794871,11.252909705972238
CAISO,7,mef,25uptime_0flex,0.8871794871794871,8.026485313472051
CAISO,7,dam,25uptime_0flex,0.8871794871794871,25.523061032990707
CAISO,7,aef,25uptime_0flex,0.8871794871794871,9.891026113775586
CAISO,7,tariff,25uptime_0flex,0.8871794871794871,11.252909705972238
CAISO,7,mef,50uptime_50flex,0.8871794871794871,4.5547156699234685
CAISO,7,dam,50uptime_50flex,0.8871794871794871,22.42650032868544
CAISO,7,aef,50uptime_50flex,0.8871794871794871,7.876400484990243
CAISO,7,tariff,50uptime_50flex,0.8871794871794871,11.252909705972238
CAISO,7,mef,100uptime_25flex,0.8871794871794871,-9.411586309265928
CAISO,7,dam,100uptime_25flex,0.8871794871794871,-4.894451229136922
CAISO,7,aef,100uptime_25flex,0.8871794871794871,-8.594927225241097
CAISO,7,tariff,100uptime_25flex,0.8871794871794871,-6.724344827837558
CAISO,7,mef,maxflex,0.8974358974358974,20.503877987413176
CAISO,7,dam,maxflex,0.8974358974358974,30.923012906521226
CAISO,7,aef,maxflex,0.8974358974358974,13.144708718146257
CAISO,7,tariff,maxflex,0.8974358974358974,12.267162166475206
CAISO,7,mef,25uptime_0flex,0.8974358974358974,9.077611195603799
CAISO,7,dam,25uptime_0flex,0.8974358974358974,26.374226049756512
CAISO,7,aef,25uptime_0flex,0.8974358974358974,10.920842958189594
CAISO,7,tariff,25uptime_0flex,0.8974358974358974,12.267162166475206
CAISO,7,mef,50uptime_50flex,0.8974358974358974,5.645518919410057
CAISO,7,dam,50uptime_50flex,0.8974358974358974,23.31305461064331
CAISO,7,aef,50uptime_50flex,0.8974358974358974,8.929241622304618
CAISO,7,tariff,50uptime_50flex,0.8974358974358974,12.267162166475206
CAISO,7,mef,100uptime_25flex,0.8974358974358974,-8.161168180017198
CAISO,7,dam,100uptime_25flex,0.8974358974358974,-3.6956575008039607
CAISO,7,aef,100uptime_25flex,0.8974358974358974,-7.353842342666919
CAISO,7,tariff,100uptime_25flex,0.8974358974358974,-5.504638029813222
CAISO,7,mef,maxflex,0.9076923076923077,21.402139253092127
CAISO,7,dam,maxflex,0.9076923076923077,31.703543834131153
CAISO,7,aef,maxflex,0.9076923076923077,14.12612443884516
CAISO,7,tariff,maxflex,0.9076923076923077,13.258493667418618
CAISO,7,mef,25uptime_0flex,0.9076923076923077,10.10498282051224
CAISO,7,dam,25uptime_0flex,0.9076923076923077,27.206155698911832
CAISO,7,aef,25uptime_0flex,0.9076923076923077,11.927387105554677
CAISO,7,tariff,25uptime_0flex,0.9076923076923077,13.258493667418618
CAISO,7,mef,50uptime_50flex,0.9076923076923077,6.711671248004299
CAISO,7,dam,50uptime_50flex,0.9076923076923077,24.179573767585207
CAISO,7,aef,50uptime_50flex,0.9076923076923077,9.958289739566725
CAISO,7,tariff,50uptime_50flex,0.9076923076923077,13.258493667418618
CAISO,7,mef,100uptime_25flex,0.9076923076923077,-6.939008087587603
CAISO,7,dam,100uptime_25flex,0.9076923076923077,-2.523955156162099
CAISO,7,aef,100uptime_25flex,0.9076923076923077,-6.140804576083082
CAISO,7,tariff,100uptime_25flex,0.9076923076923077,-4.312495227207698
CAISO,7,mef,maxflex,0.9179487179487179,22.280327641325734
CAISO,7,dam,maxflex,0.9179487179487179,32.46663272983918
CAISO,7,aef,maxflex,0.9179487179487179,15.085609081986563
CAISO,7,tariff,maxflex,0.9179487179487179,14.227672509124046
CAISO,7,mef,25uptime_0flex,0.9179487179487179,11.109396420283048
CAISO,7,dam,25uptime_0flex,0.9179487179487179,28.01949474138208
CAISO,7,aef,25uptime_0flex,0.9179487179487179,12.91143864627475
CAISO,7,tariff,25uptime_0flex,0.9179487179487179,14.227672509124046
CAISO,7,mef,50uptime_50flex,0.9179487179487179,7.753998943557335
CAISO,7,dam,50uptime_50flex,0.9179487179487179,25.026729367947393
CAISO,7,aef,50uptime_50flex,0.9179487179487179,10.96434236817493
CAISO,7,tariff,50uptime_50flex,0.9179487179487179,14.227672509124046
CAISO,7,mef,100uptime_25flex,0.9179487179487179,-5.744158835212274
CAISO,7,dam,100uptime_25flex,0.9179487179487179,-1.378436104137893
CAISO,7,aef,100uptime_25flex,0.9179487179487179,-4.9548737986966245
CAISO,7,tariff,100uptime_25flex,0.9179487179487179,-3.146992487238196
CAISO,7,mef,maxflex,0.9282051282051282,23.13910855136634
CAISO,7,dam,maxflex,0.9282051282051282,33.21285778254814
CAISO,7,aef,maxflex,0.9282051282051282,16.023889644616546
CAISO,7,tariff,maxflex,0.9282051282051282,15.175433033885197
CAISO,7,mef,25uptime_0flex,0.9282051282051282,12.091613034423577
CAISO,7,dam,25uptime_0flex,0.9282051282051282,28.814859440372327
CAISO,7,aef,25uptime_0flex,0.9282051282051282,13.873743191619779
CAISO,7,tariff,25uptime_0flex,0.9282051282051282,15.175433033885197
CAISO,7,mef,50uptime_50flex,0.9282051282051282,8.77329177291029
CAISO,7,dam,50uptime_50flex,0.9282051282051282,25.855163297583324
CAISO,7,aef,50uptime_50flex,0.9282051282051282,11.948161789521052
CAISO,7,tariff,50uptime_50flex,0.9282051282051282,15.175433033885197
CAISO,7,mef,100uptime_25flex,0.9282051282051282,-4.575715091176834
CAISO,7,dam,100uptime_25flex,0.9282051282051282,-0.2582323902800573
CAISO,7,aef,100uptime_25flex,0.9282051282051282,-3.7951514362801837
CAISO,7,tariff,100uptime_25flex,0.9282051282051282,-2.007246713899915
CAISO,7,mef,maxflex,0.9384615384615385,23.97911829397435
CAISO,7,dam,maxflex,0.9384615384615385,33.942771905143246
CAISO,7,aef,maxflex,0.9384615384615385,16.941661342489585
CAISO,7,tariff,maxflex,0.9384615384615385,16.102477481601895
CAISO,7,mef,25uptime_0flex,0.9384615384615385,13.052360432954469
CAISO,7,dam,25uptime_0flex,0.9384615384615385,29.592839118619622
CAISO,7,aef,25uptime_0flex,0.9384615384615385,14.815013757831577
CAISO,7,tariff,25uptime_0flex,0.9384615384615385,16.102477481601895
CAISO,7,mef,50uptime_50flex,0.9384615384615385,9.770304977577931
CAISO,7,dam,50uptime_50flex,0.9384615384615385,26.66548938176274
CAISO,7,aef,50uptime_50flex,0.9384615384615385,12.91047696122027
CAISO,7,tariff,50uptime_50flex,0.9384615384615385,16.102477481601895
CAISO,7,mef,100uptime_25flex,0.9384615384615385,-3.4328111011092775
CAISO,7,dam,100uptime_25flex,0.9384615384615385,0.837485996499006
CAISO,7,aef,100uptime_25flex,0.9384615384615385,-2.6607781965393418
CAISO,7,tariff,100uptime_25flex,0.9384615384615385,-0.8924134164788639
CAISO,7,mef,maxflex,0.9487179487179487,24.800965663769222
CAISO,7,dam,maxflex,0.9487179487179487,34.65690410076332
CAISO,7,aef,maxflex,0.9487179487179487,17.839589327976178
CAISO,7,tariff,maxflex,0.9487179487179487,17.00947772504426
CAISO,7,mef,25uptime_0flex,0.9487179487179487,13.992334914760342
CAISO,7,dam,25uptime_0flex,0.9487179487179487,30.35399761463453
CAISO,7,aef,25uptime_0flex,0.9487179487179487,15.735932528017194
CAISO,7,tariff,25uptime_0flex,0.9487179487179487,17.00947772504426
CAISO,7,mef,50uptime_50flex,0.9487179487179487,10.745761139982475
CAISO,7,dam,50uptime_50flex,0.9487179487179487,27.45829490195988
CAISO,7,aef,50uptime_50flex,0.9487179487179487,13.851985318396256
CAISO,7,tariff,50uptime_50flex,0.9487179487179487,17.00947772504426
CAISO,7,mef,100uptime_25flex,0.9487179487179487,-2.31461854866487
CAISO,7,dam,100uptime_25flex,0.9487179487179487,1.9095131749152239
CAISO,7,aef,100uptime_25flex,0.9487179487179487,-1.5509319457659825
CAISO,7,tariff,100uptime_25flex,0.9487179487179487,0.1983153772116575
CAISO,7,mef,maxflex,0.9589743589743589,25.605233410680782
CAISO,7,dam,maxflex,0.9589743589743589,35.35576074139687
CAISO,7,aef,maxflex,0.9589743589743589,18.718310297730444
CAISO,7,tariff,maxflex,0.9589743589743589,17.897076893759937
CAISO,7,mef,25uptime_0flex,0.9589743589743589,14.912202990538312
CAISO,7,dam,25uptime_0flex,0.9589743589743589,31.098874645494064
CAISO,7,aef,25uptime_0flex,0.9589743589743589,16.63715250097957
CAISO,7,tariff,25uptime_0flex,0.9589743589743589,17.897076893759937
CAISO,7,mef,50uptime_50flex,0.9589743589743589,11.700351929929196
CAISO,7,dam,50uptime_50flex,0.9589743589743589,28.234142015307906
CAISO,7,aef,50uptime_50flex,0.9589743589743589,14.773354459375991
CAISO,7,tariff,50uptime_50flex,0.9589743589743589,17.897076893759937
CAISO,7,mef,100uptime_25flex,0.9589743589743589,-1.2203445534919668
CAISO,7,dam,100uptime_25flex,0.9589743589743589,2.958609290691539
CAISO,7,aef,100uptime_25flex,0.9589743589743589,-0.4648257217470987
CAISO,7,tariff,100uptime_25flex,0.9589743589743589,1.2657130737121698
CAISO,7,mef,maxflex,0.9692307692307692,26.392479617975162
CAISO,7,dam,maxflex,0.9692307692307692,36.03982676529743
CAISO,7,aef,maxflex,0.9692307692307692,19.57843399828357
CAISO,7,tariff,maxflex,0.9692307692307692,18.765890894883903
CAISO,7,mef,25uptime_0flex,0.9692307692307692,15.812602958892409
CAISO,7,dam,25uptime_0flex,0.9692307692307692,31.82798708310789
CAISO,7,aef,25uptime_0flex,0.9692307692307692,17.519299035360717
CAISO,7,tariff,25uptime_0flex,0.9692307692307692,18.765890894883903
CAISO,7,mef,50uptime_50flex,0.9692307692307692,12.634739740194505
CAISO,7,dam,50uptime_50flex,0.9692307692307692,28.993569083929
CAISO,7,aef,50uptime_50flex,0.9692307692307692,15.675223724356147
CAISO,7,tariff,50uptime_50flex,0.9692307692307692,18.765890894883903
CAISO,7,mef,100uptime_25flex,0.9692307692307692,-0.14922979631215874
CAISO,7,dam,100uptime_25flex,0.9692307692307692,3.9855023140704695
CAISO,7,aef,100uptime_25flex,0.9692307692307692,0.5982941271603469
CAISO,7,tariff,100uptime_25flex,0.9692307692307692,2.310520342766602
CAISO,7,mef,maxflex,0.9794871794871794,27.163238993703168
CAISO,7,dam,maxflex,0.9794871794871794,36.709566799168655
CAISO,7,aef,maxflex,0.9794871794871794,20.420544637044983
CAISO,7,tariff,maxflex,0.9794871794871794,19.616509838393085
CAISO,7,mef,25uptime_0flex,0.9794871794871794,16.69414638340661
CAISO,7,dam,25uptime_0flex,0.9794871794871794,32.54183015030046
CAISO,7,aef,25uptime_0flex,0.9794871794871794,18.38297129677055
CAISO,7,tariff,25uptime_0flex,0.9794871794871794,19.616509838393085
CAISO,7,mef,50uptime_50flex,0.9794871794871794,13.549559219354766
CAISO,7,dam,50uptime_50flex,0.9794871794871794,29.73709192074649
CAISO,7,aef,50uptime_50flex,0.9794871794871794,16.558205674886437
CAISO,7,tariff,50uptime_50flex,0.9794871794871794,19.616509838393085
CAISO,7,mef,100uptime_25flex,0.9794871794871794,0.8994532382041793
CAISO,7,dam,100uptime_25flex,0.9794871794871794,4.990889724394312
CAISO,7,aef,100uptime_25flex,0.9794871794871794,1.6391496860381802
CAISO,7,tariff,100uptime_25flex,0.9794871794871794,3.3334468313275307
CAISO,7,mef,maxflex,0.9897435897435898,27.918024081851332
CAISO,7,dam,maxflex,0.9897435897435898,37.36542621057624
CAISO,7,aef,maxflex,0.9897435897435898,21.245202205573026
CAISO,7,tariff,maxflex,0.9897435897435898,20.449499373746885
CAISO,7,mef,25uptime_0flex,0.9897435897435898,17.557419477879087
CAISO,7,dam,25uptime_0flex,0.9897435897435898,33.24087854252534
CAISO,7,aef,25uptime_0flex,0.9897435897435898,19.228743614938754
CAISO,7,tariff,25uptime_0flex,0.9897435897435898,20.449499373746885
CAISO,7,mef,50uptime_50flex,0.9897435897435898,14.445418709309644
CAISO,7,dam,50uptime_50flex,0.9897435897435898,30.4652049578372
CAISO,7,aef,50uptime_50flex,0.9897435897435898,17.42288748136431
CAISO,7,tariff,50uptime_50flex,0.9897435897435898,20.449499373746885
CAISO,7,mef,100uptime_25flex,0.9897435897435898,1.9264019093108409
CAISO,7,dam,100uptime_25flex,0.9897435897435898,5.975440089944608
CAISO,7,aef,100uptime_25flex,0.9897435897435898,2.658433108980833
CAISO,7,tariff,100uptime_25flex,0.9897435897435898,4.33517277090034
CAISO,7,mef,maxflex,1.0,28.657326398960546
CAISO,7,dam,maxflex,1.0,38.00783209559597
CAISO,7,aef,maxflex,1.0,22.0529437214133
CAISO,7,tariff,maxflex,1.0,21.26540194427285
CAISO,7,mef,25uptime_0flex,1.0,18.4029844063111
CAISO,7,dam,25uptime_0flex,1.0,33.92558748055072
CAISO,7,aef,25uptime_0flex,1.0,20.057166757349634
CAISO,7,tariff,25uptime_0flex,1.0,21.26540194427285
CAISO,7,mef,50uptime_50flex,1.0,15.322901594342358
CAISO,7,dam,50uptime_50flex,1.0,31.17838234288503
CAISO,7,aef,50uptime_50flex,1.0,18.269832225145183
CAISO,7,tariff,50uptime_50flex,1.0,21.26540194427285
CAISO,7,mef,100uptime_25flex,1.0,2.9322849666512765
CAISO,7,dam,100uptime_25flex,1.0,6.939794550560586
CAISO,7,aef,100uptime_25flex,1.0,3.656808154016901
CAISO,7,tariff,100uptime_25flex,1.0,5.316350486067852
