region,system,month,tariff_id,shadow_price_usd_ton,cost_optimal_cost_usd,emissions_optimal_cost_usd,cost_optimal_emissions_ton,emissions_optimal_emissions_ton
MISO,maxflex,1,539fb4afec4f024bc1dbec8b,179.97237071994454,45.573349763033356,3393.0,358.72379060919974,340.1241209207553
MISO,maxflex,7,539fb4afec4f024bc1dbec8b,103.16104808873486,45.573349763033356,3393.0,387.6827518282871,355.23419967393096
MISO,maxflex,1,539fcae9ec4f024d2f54007c,185.57693236994075,54.38576410256409,3592.0,359.1869116936384,340.1241209207553
MISO,maxflex,7,539fcae9ec4f024d2f54007c,108.44467527072558,54.38576410256409,3592.0,387.8555729777059,355.23419967393096
MISO,maxflex,1,5925a6645457a3e77dde90e0,163.40860153411583,49.74087999999968,2904.0,357.5911275016176,340.1241209207553
MISO,maxflex,7,5925a6645457a3e77dde90e0,144.78585892365564,52.740879999999095,4020.0,382.6350739585118,355.23419967393096
MISO,maxflex,1,5925a88c5457a3730ede90e0,205.88375353801572,52.82712000000056,3649.0,357.5911275016176,340.1241209207553
MISO,maxflex,7,5925a88c5457a3730ede90e0,171.8621394840438,55.82712000000026,4765.0,382.6350739585118,355.23419967393096
MISO,maxflex,1,5925a9985457a37c0cde90e0,251.44684175256327,45.89417142857131,4102.0,356.25518782056696,340.1241209207553
MISO,maxflex,7,5925a9985457a37c0cde90e0,200.23435160559157,51.20845714285723,5590.0,382.89574474070724,355.23419967393096
MISO,maxflex,1,5925ab115457a3e87fde90e0,205.48938207009567,43.23702857142855,3358.0,356.25518782056696,340.1241209207553
MISO,maxflex,7,5925ab115457a3e87fde90e0,160.03362230331206,47.22274285714289,4474.0,382.89574474070724,355.23419967393096
MISO,maxflex,1,5925acf65457a3e47dde90e1,30.61710186104636,47.21087999999936,582.0,357.5911275016176,340.1241209207553
MISO,maxflex,7,5925acf65457a3e47dde90e1,144.75958238983924,56.46087999999901,4023.0,382.6350739585118,355.23419967393096
MISO,maxflex,1,5925adfb5457a3e47dde90e2,30.612164552552688,48.29711999999946,583.0,357.5911275016176,340.1241209207553
MISO,maxflex,7,5925adfb5457a3e47dde90e2,171.8358629502274,59.547120000000234,4768.0,382.6350739585118,355.23419967393096
MISO,maxflex,1,5925f4a45457a35916de90e0,0.035540088055507804,40.16855999999993,41.0,363.5185480348946,340.1241209207553
MISO,maxflex,7,5925f4a45457a35916de90e0,0.022918170791283724,40.16855999999993,41.0,391.51283671450597,355.23419967393096
MISO,maxflex,1,5925f6835457a3a825de90e2,0.035540088055507804,40.16855999999993,41.0,363.5185480348946,340.1241209207553
MISO,maxflex,7,5925f6835457a3a825de90e2,0.022918170791283724,40.16855999999993,41.0,391.51283671450597,355.23419967393096
MISO,maxflex,1,5925f6d35457a35b37de90e0,152.6880023415819,55.63206659217879,2466.0,355.9103509775783,340.1241209207553
MISO,maxflex,7,5925f6d35457a35b37de90e0,108.31983487553548,63.87865391304338,3023.0,382.55256983581245,355.23419967393096
MISO,maxflex,1,5925fea75457a30036de90e2,-0.0,42.46752,42.46752,363.5185480348946,340.1241209207553
MISO,maxflex,7,5925fea75457a30036de90e2,-0.0,42.46752,42.46752,391.51283671450597,355.23419967393096
MISO,maxflex,1,592600515457a3f73ede90e0,265.53576973093794,42.88496000000048,4681.0,357.5911275016176,340.1241209207553
MISO,maxflex,7,592600515457a3f73ede90e0,169.26887040671173,42.88496000000048,4681.0,382.6350739585118,355.23419967393096
MISO,maxflex,1,592600f85457a3f73ede90e1,254.93075169098915,45.12287999999961,4498.0,357.5911275016176,340.1241209207553
MISO,maxflex,7,592600f85457a3f73ede90e1,162.50857808871677,45.12287999999961,4498.0,382.6350739585118,355.23419967393096
MISO,maxflex,1,592601f75457a3b126de90e1,-0.0,46.66368,46.66368,363.5185480348946,340.1241209207553
MISO,maxflex,7,592601f75457a3b126de90e1,-0.0,46.66368,46.66368,391.51283671450597,355.23419967393096
MISO,maxflex,1,5926032b5457a3ea28de90e2,116.83181484957869,47.29791999999953,2088.0,357.5911275016176,340.1241209207553
MISO,maxflex,7,5926032b5457a3ea28de90e2,74.47580168650305,47.29791999999953,2088.0,382.6350739585118,355.23419967393096
MISO,maxflex,1,59484efb5457a3490275d087,6.074461511621572e-16,87.79199999999999,87.792,363.5185480348946,340.1241209207553
MISO,maxflex,7,59484efb5457a3490275d087,3.9171412904489933e-16,87.79199999999999,87.792,391.51283671450597,355.23419967393096
MISO,maxflex,1,59b94c455457a3a67742da65,238.95599662643377,69.15403200000017,4243.0,357.5911275016176,340.1241209207553
MISO,maxflex,7,59b94c455457a3a67742da65,170.63309432154477,70.50403199999889,4746.0,382.6350739585118,355.23419967393096
MISO,maxflex,1,59b94d195457a3071a42da65,243.18103928706964,70.35518399999935,4318.0,357.5911275016176,340.1241209207553
MISO,maxflex,7,59b94d195457a3071a42da65,173.58113813691944,71.72505400000117,4828.0,382.6350739585118,355.23419967393096
MISO,maxflex,1,59b94f7b5457a3687a42da65,0.014944071857149972,56.650392000000004,57.0,363.5185480348946,340.1241209207553
MISO,maxflex,7,59b94f7b5457a3687a42da65,0.009636745711053529,56.650392000000004,57.0,391.51283671450597,355.23419967393096
MISO,maxflex,1,59b950f55457a3847b42da68,0.007560943940255252,57.823116047999996,58.0,363.5185480348946,340.1241209207553
MISO,maxflex,7,59b950f55457a3847b42da68,0.004875705549616306,57.823116047999996,58.0,391.51283671450597,355.23419967393096
MISO,maxflex,1,59b953c35457a3071a42da66,43.45122010757364,60.037252000000635,819.0,357.5911275016176,340.1241209207553
MISO,maxflex,7,59b953c35457a3071a42da66,171.64889913495188,70.67009200000074,4774.0,382.6350739585118,355.23419967393096
MISO,maxflex,1,59b954c55457a3687a42da67,50.58810743577871,61.377194000000706,945.0,357.5911275016176,340.1241209207553
MISO,maxflex,7,59b954c55457a3687a42da67,176.38046377796917,72.02108400000085,4905.0,382.6350739585118,355.23419967393096
MISO,maxflex,1,59c5434f5457a32d14bbb27b,345.3849024798564,49.15963199999941,6082.0,357.5911275016176,340.1241209207553
MISO,maxflex,7,59c5434f5457a32d14bbb27b,220.16963047026346,49.15963199999941,6082.0,382.6350739585118,355.23419967393096
MISO,maxflex,1,59c544c75457a3493ebbb27b,33.67812587619958,33.04699199999993,605.0,357.1070435977983,340.1241209207553
MISO,maxflex,7,59c544c75457a3493ebbb27b,19.757510007094982,33.04699199999993,605.0,384.1828378169477,355.23419967393096
MISO,maxflex,1,59c548d95457a3493ebbb27d,0.03692708504533578,82.136112,83.0,363.5185480348946,340.1241209207553
MISO,maxflex,7,59c548d95457a3493ebbb27d,0.007258486575250976,68.736672,69.0,391.51283671450597,355.23419967393096
MISO,maxflex,1,59c54a5c5457a3be40bbb27e,86.50781565788662,28.844454857142818,1498.0,357.1070435977983,340.1241209207553
MISO,maxflex,7,59c54a5c5457a3be40bbb27e,50.750420015518266,28.844454857142818,1498.0,384.1828378169477,355.23419967393096
MISO,maxflex,1,5a552e5c5457a32374423a7d,77.81153072393157,59.86547999999934,1419.0,357.5911275016176,340.1241209207553
MISO,maxflex,7,5a552e5c5457a32374423a7d,49.601866910823425,59.86547999999934,1419.0,382.6350739585118,355.23419967393096
MISO,maxflex,1,5a79f6ef5457a3d8065d8b10,265.5071310974435,54.385191200000556,4692.0,357.5911275016176,340.1241209207553
MISO,maxflex,7,5a79f6ef5457a3d8065d8b10,169.25061437609668,54.385191200000556,4692.0,382.6350739585118,355.23419967393096
MISO,maxflex,1,5a79fa5d5457a33a0d5d8b13,1.375648680312961,41.8174872,74.0,363.5185480348946,340.1241209207553
MISO,maxflex,7,5a79fa5d5457a33a0d5d8b13,0.005030861543821559,41.8174872,42.0,391.51283671450597,355.23419967393096
MISO,maxflex,1,5aac345a5457a38c162e6283,-0.0,60.938064000000004,60.938064000000004,363.5185480348946,340.1241209207553
MISO,maxflex,7,5aac345a5457a38c162e6283,-0.0,60.938064000000004,60.938064000000004,391.51283671450597,355.23419967393096
MISO,maxflex,1,5aac35985457a3e33d2e6280,2.407113442316778,31.686959994184,88.0,363.5185480348946,340.1241209207553
MISO,maxflex,7,5aac35985457a3e33d2e6280,1.5522369246482883,31.686959994184,88.0,391.51283671450597,355.23419967393096
MISO,maxflex,1,5af1eb885457a34f2b618be8,0.013207931887387149,84.69100799999993,85.0,363.5185480348946,340.1241209207553
MISO,maxflex,7,5af1eb885457a34f2b618be8,0.008517188767850282,84.69100799999993,85.0,391.51283671450597,355.23419967393096
MISO,maxflex,1,5af1ec215457a34f2b618be9,159.91666606868915,55.73453978947339,2849.0,357.5911275016176,340.1241209207553
MISO,maxflex,7,5af1ec215457a34f2b618be9,101.94074211577116,55.73453978947339,2849.0,382.6350739585118,355.23419967393096
MISO,maxflex,1,5b1ab3bf5457a3aa22ce813b,0.05546620112193609,85.70240000000001,87.0,363.5185480348946,340.1241209207553
MISO,maxflex,7,5b1ab3bf5457a3aa22ce813b,0.0006174432619605645,89.97760000000001,90.0,391.51283671450597,355.23419967393096
MISO,maxflex,1,5b1ab5845457a32d06ce813b,42.35860312705543,32.12200000000025,772.0,357.5911275016176,340.1241209207553
MISO,maxflex,7,5b1ab5845457a32d06ce813b,84.94612160825606,36.401999999999695,2364.0,382.6350739585118,355.23419967393096
MISO,maxflex,1,5b1ab6115457a30918ce813b,-6.074461511621572e-16,70.97760000000001,70.9776,363.5185480348946,340.1241209207553
MISO,maxflex,7,5b1ab6115457a30918ce813b,-3.9171412904489933e-16,70.97760000000001,70.9776,391.51283671450597,355.23419967393096
MISO,maxflex,1,5b1ab7a95457a3f916ce813b,0.04141157186107542,144.0312,145.0,363.5185480348946,340.1241209207553
MISO,maxflex,7,5b1ab7a95457a3f916ce813b,0.026704421079805484,144.0312,145.0,391.51283671450597,355.23419967393096
MISO,maxflex,1,5b1ab82e5457a30918ce813c,21.260233576271084,23.647360000000013,395.0,357.5911275016176,340.1241209207553
MISO,maxflex,7,5b1ab82e5457a30918ce813c,13.552583614948514,23.647360000000013,395.0,382.6350739585118,355.23419967393096
MISO,maxflex,1,5b4f67d15457a3152cc6d674,0.04264263427808528,102.00240000000001,103.0,363.5185480348946,340.1241209207553
MISO,maxflex,7,5b4f67d15457a3152cc6d674,0.002646185408403651,104.904,105.0,391.51283671450597,355.23419967393096
MISO,maxflex,1,5b4f689e5457a35a27c6d674,297.37720501676165,74.71040000000045,5269.0,357.5911275016176,340.1241209207553
MISO,maxflex,7,5b4f689e5457a35a27c6d674,189.59035920351724,78.05840000000022,5273.0,382.6350739585118,355.23419967393096
MISO,maxflex,1,5b4f6a225457a3e322c6d675,92.62418642054628,60.88577142857143,1730.0,358.1444058176916,340.1241209207553
MISO,maxflex,7,5b4f6a225457a3e322c6d675,54.76911224880611,60.88577142857143,1730.0,385.70966585350413,355.23419967393096
MISO,maxflex,1,5b4f6c755457a38e72c6d675,126.53958487364697,43.72062857142865,2324.0,358.1444058176916,340.1241209207553
MISO,maxflex,7,5b4f6c755457a38e72c6d675,74.82103867096413,43.79396571428579,2324.0,385.70966585350413,355.23419967393096
MISO,maxflex,1,5b5a3ecb5457a32a5426b8f8,167.8022463615038,78.99705684210566,3010.0,357.5911275016176,340.1241209207553
MISO,maxflex,7,5b5a3ecb5457a32a5426b8f8,106.96749715528493,78.99705684210566,3010.0,382.6350739585118,355.23419967393096
MISO,maxflex,1,5b5a41395457a3055026b8f8,158.52791410545822,79.71476019138785,3010.0,358.6084695905675,340.1241209207553
MISO,maxflex,7,5b5a41395457a3055026b8f8,112.52700615069612,80.12487639097776,3010.0,381.27128377230343,355.23419967393096
MISO,maxflex,1,5b5b3a2a5457a3562c26b8f8,-0.0,32.39376,32.39376,363.5185480348946,340.1241209207553
MISO,maxflex,7,5b5b3a2a5457a3562c26b8f8,-0.0,32.39376,32.39376,391.51283671450597,355.23419967393096
MISO,maxflex,1,5b5b3a315457a3522c26b8f8,-0.0,32.39376,32.39376,363.5185480348946,340.1241209207553
MISO,maxflex,7,5b5b3a315457a3522c26b8f8,-0.0,32.39376,32.39376,391.51283671450597,355.23419967393096
MISO,maxflex,1,5b748f6a5457a3cb6daf0aeb,-0.0,73.85688,73.85688,363.5185480348946,340.1241209207553
MISO,maxflex,7,5b748f6a5457a3cb6daf0aeb,-0.0,73.85688,73.85688,391.51283671450597,355.23419967393096
MISO,maxflex,1,5b7490495457a3e527af0aed,-0.0,75.1812,75.1812,363.5185480348946,340.1241209207553
MISO,maxflex,7,5b7490495457a3e527af0aed,-0.0,75.1812,75.1812,391.51283671450597,355.23419967393096
MISO,maxflex,1,5b7491a75457a3154daf0aea,191.19452337912725,67.40399999999917,3407.0,357.5911275016176,340.1241209207553
MISO,maxflex,7,5b7491a75457a3154daf0aea,121.87917670424427,67.40399999999917,3407.0,382.6350739585118,355.23419967393096
MISO,maxflex,1,5b74921a5457a3784eaf0aea,182.74430615202576,67.0039999999994,3259.0,357.5911275016176,340.1241209207553
MISO,maxflex,7,5b74921a5457a3784eaf0aea,116.49248727188584,67.0039999999994,3259.0,382.6350739585118,355.23419967393096
MISO,maxflex,1,5b7493a65457a38651af0aeb,85.10930687055219,49.37131955484894,1533.0,357.55615901560896,340.1241209207553
MISO,maxflex,7,5b7493a65457a38651af0aeb,57.21622071924694,49.37131955484894,1533.0,381.1644107438472,355.23419967393096
MISO,maxflex,1,5b7494365457a3154daf0aeb,212.42517890507165,63.56800000000003,3774.0,357.5911275016176,340.1241209207553
MISO,maxflex,7,5b7494365457a3154daf0aeb,135.41290544637206,63.56800000000003,3774.0,382.6350739585118,355.23419967393096
MISO,maxflex,1,5b7494d65457a3784eaf0aeb,106.43617549820895,47.23578947368377,1901.0,357.54079528719893,340.1241209207553
MISO,maxflex,7,5b7494d65457a3784eaf0aeb,73.31750105204644,47.23578947368377,1901.0,380.5182612307644,355.23419967393096
MISO,maxflex,1,5b7728c05457a34f4faf0aea,179.55414533596752,81.72655999999942,3218.0,357.5911275016176,340.1241209207553
MISO,maxflex,7,5b7728c05457a34f4faf0aea,138.39629346243134,89.8205600000012,3882.0,382.6350739585118,355.23419967393096
MISO,maxflex,1,5b7729315457a3e219af0aec,179.55414533596752,81.72655999999942,3218.0,357.5911275016176,340.1241209207553
MISO,maxflex,7,5b7729315457a3e219af0aec,138.39629346243134,89.8205600000012,3882.0,382.6350739585118,355.23419967393096
MISO,maxflex,1,5b7729f15457a3e219af0aed,179.54951947179444,74.80735999999955,3211.0,357.5911275016176,340.1241209207553
MISO,maxflex,7,5b7729f15457a3e219af0aed,148.54693307377428,82.68416000000015,4153.0,382.6350739585118,355.23419967393096
MISO,maxflex,1,5b772a755457a3452daf0aed,179.54951947179444,74.80735999999955,3211.0,357.5911275016176,340.1241209207553
MISO,maxflex,7,5b772a755457a3452daf0aed,148.54693307377428,82.68416000000015,4153.0,382.6350739585118,355.23419967393096
MISO,maxflex,1,5b772af45457a36578af0aed,0.023434640954909148,79.45176000000001,80.0,363.5185480348946,340.1241209207553
MISO,maxflex,7,5b772af45457a36578af0aed,0.014141655853410076,87.48696,88.0,391.51283671450597,355.23419967393096
MISO,maxflex,1,5b772b435457a3f249af0aea,252.63597497630178,77.20576000000136,4490.0,357.5911275016176,340.1241209207553
MISO,maxflex,7,5b772b435457a3f249af0aea,189.71747339566144,85.57535999999908,5284.0,382.6350739585118,355.23419967393096
MISO,maxflex,1,5b772bdb5457a3e03faf0aeb,252.63597497630178,77.20576000000136,4490.0,357.5911275016176,340.1241209207553
MISO,maxflex,7,5b772bdb5457a3e03faf0aeb,189.71747339566144,85.57535999999908,5284.0,382.6350739585118,355.23419967393096
MISO,maxflex,1,5b772c415457a3aa44af0aec,282.44912358015694,69.45929684210556,5003.0,357.5911275016176,340.1241209207553
MISO,maxflex,7,5b772c415457a3aa44af0aec,229.64280181773736,77.58645473684172,6370.0,382.6350739585118,355.23419967393096
MISO,maxflex,1,5b86d70a5457a3cd1f8b4567,-0.0,79.3104,79.3104,363.5185480348946,340.1241209207553
MISO,maxflex,7,5b86d70a5457a3cd1f8b4567,-0.0,79.3104,79.3104,391.51283671450597,355.23419967393096
MISO,maxflex,1,5b86d75c5457a3111e8b4568,-0.0,79.3104,79.3104,363.5185480348946,340.1241209207553
MISO,maxflex,7,5b86d75c5457a3111e8b4568,-0.0,79.3104,79.3104,391.51283671450597,355.23419967393096
MISO,maxflex,1,5b86d79d5457a3ed598b4567,323.7422033697659,55.19280000000044,5710.0,357.5911275016176,340.1241209207553
MISO,maxflex,7,5b86d79d5457a3ed598b4567,206.3732397443381,55.19280000000044,5710.0,382.6350739585118,355.23419967393096
MISO,maxflex,1,5bbcd0dd5457a3ec54135b4d,-6.074461511621572e-16,95.81976,95.81975999999999,363.5185480348946,340.1241209207553
MISO,maxflex,7,5bbcd0dd5457a3ec54135b4d,-3.9171412904489933e-16,95.81976,95.81975999999999,391.51283671450597,355.23419967393096
MISO,maxflex,1,5bbcd3335457a39930135b4d,-6.074461511621572e-16,95.81976,95.81975999999999,363.5185480348946,340.1241209207553
MISO,maxflex,7,5bbcd3335457a39930135b4d,-3.9171412904489933e-16,95.81976,95.81975999999999,391.51283671450597,355.23419967393096
MISO,maxflex,1,5bbcd5955457a3ec54135b4f,-6.074461511621572e-16,89.49576,89.49575999999999,363.5185480348946,340.1241209207553
MISO,maxflex,7,5bbcd5955457a3ec54135b4f,-3.9171412904489933e-16,89.49576,89.49575999999999,391.51283671450597,355.23419967393096
MISO,maxflex,1,5bbcd6c45457a33820135b4d,-6.074461511621572e-16,89.49576,89.49575999999999,363.5185480348946,340.1241209207553
MISO,maxflex,7,5bbcd6c45457a33820135b4d,-3.9171412904489933e-16,89.49576,89.49575999999999,391.51283671450597,355.23419967393096
MISO,maxflex,1,5bbcd80a5457a33720135b4d,461.1372328319731,37.347846153846085,8287.0,358.0139193622547,340.1241209207553
MISO,maxflex,7,5bbcd80a5457a33720135b4d,264.8526296184268,37.347846153846085,8287.0,386.3822844148033,355.23419967393096
MISO,maxflex,1,5bbcdb025457a30c42135b4d,6.606927333069231,43.43471999202775,198.0,363.5185480348946,340.1241209207553
MISO,maxflex,7,5bbcdb025457a30c42135b4d,4.260504047946929,43.43471999202775,198.0,391.51283671450597,355.23419967393096
MISO,maxflex,1,5bbcdc045457a39930135b50,6.606927333069231,43.43471999202775,198.0,363.5185480348946,340.1241209207553
MISO,maxflex,7,5bbcdc045457a39930135b50,4.260504047946929,43.43471999202775,198.0,391.51283671450597,355.23419967393096
MISO,maxflex,1,5bbcdd805457a34007135b4e,408.78273095751473,36.460324102564044,7829.0,359.1869116936353,340.1241209207553
MISO,maxflex,7,5bbcdd805457a34007135b4e,238.8783452169288,36.460324102564044,7829.0,387.85557297770254,355.23419967393096
MISO,maxflex,1,5bbd19815457a36163135b4d,401.01583665998623,35.51900512820511,7680.0,359.1869116936375,340.1241209207553
MISO,maxflex,7,5bbd19815457a36163135b4d,234.33964356258443,35.51900512820511,7680.0,387.8555729777049,355.23419967393096
MISO,maxflex,1,5bbd1c535457a33720135b4e,254.6131815236378,19.47048,5976.0,363.5185480348946,340.1241209207553
MISO,maxflex,7,5bbd1c535457a33720135b4e,164.18834896405212,19.47048,5976.0,391.51283671450597,355.23419967393096
MISO,maxflex,1,5c40c9555457a3c02d1482c9,6.074461511621572e-16,69.20687999999991,69.20687999999993,363.5185480348946,340.1241209207553
MISO,maxflex,7,5c40c9555457a3c02d1482c9,3.9171412904489933e-16,69.20687999999991,69.20687999999993,391.51283671450597,355.23419967393096
MISO,maxflex,1,5c40ca4b5457a3c02d1482ca,6.074461511621572e-16,69.20687999999991,69.20687999999993,363.5185480348946,340.1241209207553
MISO,maxflex,7,5c40ca4b5457a3c02d1482ca,3.9171412904489933e-16,69.20687999999991,69.20687999999993,391.51283671450597,355.23419967393096
MISO,maxflex,1,5cd48c2a5457a3183a54e9d3,0.00019741453703872892,70.9953816,71.0,363.5185480348946,340.1241209207553
MISO,maxflex,7,5cd48c2a5457a3183a54e9d3,0.00012730356968923247,70.9953816,71.0,391.51283671450597,355.23419967393096
MISO,maxflex,1,5cd490055457a3243b54e9d5,0.019827491288358586,92.53614719999999,93.0,363.5185480348946,340.1241209207553
MISO,maxflex,7,5cd490055457a3243b54e9d5,0.01278583865632461,92.53614719999999,93.0,391.51283671450597,355.23419967393096
MISO,maxflex,1,5d1cbe385457a30e3ea745bb,0.04032823693410794,93.05654399999999,94.0,363.5185480348946,340.1241209207553
MISO,maxflex,7,5d1cbe385457a30e3ea745bb,0.026005828131987617,93.05654399999999,94.0,391.51283671450597,355.23419967393096
MISO,maxflex,1,5d1cc03a5457a38e08a745b5,222.99910047346086,55.87324227368435,3951.0,357.5911275016176,340.1241209207553
MISO,maxflex,7,5d1cc03a5457a38e08a745b5,142.15337495623888,55.87324227368435,3951.0,382.6350739585118,355.23419967393096
MISO,maxflex,1,5d1cc09e5457a30064a745b5,193.82258913830867,54.49955806315773,3440.0,357.5911275016176,340.1241209207553
MISO,maxflex,7,5d1cc09e5457a30064a745b5,123.55446784434925,54.49955806315773,3440.0,382.6350739585118,355.23419967393096
MISO,maxflex,1,5f3157415457a3f542de1914,212.7283637567703,29.220787039106085,4125.0,359.3776851305409,340.1241209207553
MISO,maxflex,7,5f3157415457a3f542de1914,176.43684572333308,29.325498210116667,5848.0,388.2129943025181,355.23419967393096
MISO,maxflex,1,5f3157565457a3f642de1915,212.7283637567703,29.220787039106085,4125.0,359.3776851305409,340.1241209207553
MISO,maxflex,7,5f3157565457a3f642de1915,176.43684572333308,29.325498210116667,5848.0,388.2129943025181,355.23419967393096
MISO,maxflex,1,5f31576c5457a3f842de1914,212.7283637567703,29.220787039106085,4125.0,359.3776851305409,340.1241209207553
MISO,maxflex,7,5f31576c5457a3f842de1914,176.43684572333308,29.325498210116667,5848.0,388.2129943025181,355.23419967393096
MISO,maxflex,1,62b63745bff76a74ff0aaf26,0.029750675077734087,86.304,87.0,363.5185480348946,340.1241209207553
MISO,maxflex,7,62b63745bff76a74ff0aaf26,0.022492575971430246,101.184,102.0,391.51283671450597,355.23419967393096
MISO,maxflex,1,62b637d9e74aad70cc0e42d9,260.2476146300908,55.25319999999951,4601.0,357.5911275016176,340.1241209207553
MISO,maxflex,7,62b637d9e74aad70cc0e42d9,186.18140228499752,67.46680000000039,5169.0,382.6350739585118,355.23419967393096
MISO,maxflex,1,62b63854bff76a74ff0aaf27,,,,,
MISO,maxflex,7,62b63854bff76a74ff0aaf27,54.18819793986118,57.19600000000007,1542.0,382.6350739585118,355.23419967393096
MISO,maxflex,1,62b63893bff76a74ff0aaf28,,,,,
MISO,maxflex,7,62b63893bff76a74ff0aaf28,176.04562351333524,66.19599999999899,4890.0,382.6350739585118,355.23419967393096
MISO,maxflex,1,62c607808e77102d816deb69,0.0007882219086686288,43.98156,44.0,363.5185480348946,340.1241209207553
MISO,maxflex,7,62c607808e77102d816deb69,0.003075308475466476,45.888431999999995,46.0,391.51283671450597,355.23419967393096
MISO,maxflex,1,62d0391b6230b463aa3ed097,0.01943044425015914,58.545435888,59.0,363.5185480348946,340.1241209207553
MISO,maxflex,7,62d0391b6230b463aa3ed097,0.01252980125373247,58.545435888,59.0,391.51283671450597,355.23419967393096
MISO,maxflex,1,62e1435c42070360954f24f3,0.035467934119396034,95.17024800000002,96.0,363.5185480348946,340.1241209207553
MISO,maxflex,7,62e1435c42070360954f24f3,,,,,
MISO,maxflex,1,62e14859f39cb15ca37f5897,53.13262963360348,99.93200799999998,1028.0,357.5911275016176,340.1241209207553
MISO,maxflex,7,62e14859f39cb15ca37f5897,33.87001385512533,99.93200799999998,1028.0,382.6350739585118,355.23419967393096
MISO,maxflex,1,62e14b128ca7115653114459,53.1461454011033,91.69592800000015,1020.0,357.5911275016176,340.1241209207553
MISO,maxflex,7,62e14b128ca7115653114459,33.84928488152056,2.5,930.0,382.6350739585118,355.23419967393096
MISO,maxflex,1,62e14e05f39cb15ca37f5898,0.035467934119396034,95.17024800000002,96.0,363.5185480348946,340.1241209207553
MISO,maxflex,7,62e14e05f39cb15ca37f5898,,,,,
MISO,maxflex,1,62e1523d4ae16462f52d7164,42.619612703956,167.56294399999993,912.0,357.5911275016176,340.1241209207553
MISO,maxflex,7,62e1523d4ae16462f52d7164,27.13543546116161,110.46534400000002,854.0,382.6350739585118,355.23419967393096
MISO,maxflex,1,62e154591b585e77df2704ba,42.59252162813036,157.03614399999992,901.0,357.5911275016176,340.1241209207553
MISO,maxflex,7,62e154591b585e77df2704ba,27.166281192247173,115.62014400000001,860.0,382.6350739585118,355.23419967393096
MISO,maxflex,1,62e15c7e6a5b323f60348b49,42.53287866672304,98.07792800000003,841.0,357.5911275016176,340.1241209207553
MISO,maxflex,7,62e15c7e6a5b323f60348b49,27.07942790521645,2.0,744.0,382.6350739585118,355.23419967393096
MISO,maxflex,1,62e15dc8f39cb15ca37f589b,42.53287866672304,98.07792800000003,841.0,357.5911275016176,340.1241209207553
MISO,maxflex,7,62e15dc8f39cb15ca37f589b,27.07942790521645,2.0,744.0,382.6350739585118,355.23419967393096
MISO,maxflex,1,62e161196a5b323f60348b4a,165.47586429271976,38.786952,3910.0,363.5185480348946,340.1241209207553
MISO,maxflex,7,62e161196a5b323f60348b4a,0.005872546967599595,38.786952,39.0,391.51283671450597,355.23419967393096
MISO,maxflex,1,62e166fc1b585e77df2704bc,147.28392799346074,40.37688,3486.0,363.5185480348946,340.1241209207553
MISO,maxflex,7,62e166fc1b585e77df2704bc,0.01717594845504605,40.37688,41.0,391.51283671450597,355.23419967393096
MISO,maxflex,1,62e16bb47b215a036429c6c8,588.0773935728249,82.0482905263166,10354.0,357.5911275016176,340.1241209207553
MISO,maxflex,7,62e16bb47b215a036429c6c8,374.88743749703144,84.75645052631683,10357.0,382.6350739585118,355.23419967393096
MISO,maxflex,1,62e16f3787d727456d6196f8,576.8907072225292,79.44621473684315,10156.0,357.5911275016176,340.1241209207553
MISO,maxflex,7,62e16f3787d727456d6196f8,367.7420741007529,83.54565473684293,10160.0,382.6350739585118,355.23419967393096
MISO,maxflex,1,62e175ae4ae16462f52d7165,588.0941016446105,84.75645052631684,10357.0,357.5911275016176,340.1241209207553
MISO,maxflex,7,62e175ae4ae16462f52d7165,374.88743749703144,84.75645052631684,10357.0,382.6350739585118,355.23419967393096
MISO,maxflex,1,62e177474ae16462f52d7166,576.8850142035517,83.54565473684295,10160.0,357.5911275016176,340.1241209207553
MISO,maxflex,7,62e177474ae16462f52d7166,367.7420741007529,83.54565473684295,10160.0,382.6350739585118,355.23419967393096
MISO,maxflex,1,62e192744ae16462f52d7168,0.07076899088893233,89.3444,91.0,363.5185480348946,340.1241209207553
MISO,maxflex,7,62e192744ae16462f52d7168,0.00015436081549063079,46.994399999999985,47.0,391.51283671450597,355.23419967393096
MISO,maxflex,1,62e193394ae16462f52d7169,0.07076899088893233,89.3444,91.0,363.5185480348946,340.1241209207553
MISO,maxflex,7,62e193394ae16462f52d7169,0.00015436081549063079,46.994399999999985,47.0,391.51283671450597,355.23419967393096
MISO,maxflex,1,6303dbd636a8842e64487da6,331.595954342286,70.01128000000021,5862.0,357.5911275016176,340.1241209207553
MISO,maxflex,7,6303dbd636a8842e64487da6,211.3797048127586,70.01128000000021,5862.0,382.6350739585118,355.23419967393096
MISO,maxflex,1,6303dca5d4ce2a2eaa5c8386,346.72984454979814,73.66751999999937,6130.0,357.5911275016176,340.1241209207553
MISO,maxflex,7,6303dca5d4ce2a2eaa5c8386,221.02697946385547,73.66751999999937,6130.0,382.6350739585118,355.23419967393096
MISO,maxflex,1,6303ea60687eca00bb7c9e09,6.074461511621572e-16,111.54047999999999,111.54048,363.5185480348946,340.1241209207553
MISO,maxflex,7,6303ea60687eca00bb7c9e09,3.9171412904489933e-16,111.54047999999999,111.54048,391.51283671450597,355.23419967393096
MISO,maxflex,1,6303eb71c331e95442677eb6,0.030167868452387368,99.29424,100.0,363.5185480348946,340.1241209207553
MISO,maxflex,7,6303eb71c331e95442677eb6,0.019453873563142446,99.29423998177498,100.0,391.51283671450597,355.23419967393096
MISO,maxflex,1,6307dc2193bdf318a67385d9,-0.0,130.51173599999998,130.51173599999998,363.5185480348946,340.1241209207553
MISO,maxflex,7,6307dc2193bdf318a67385d9,-0.0,130.51173599999998,130.51173599999998,391.51283671450597,355.23419967393096
MISO,maxflex,1,6307e11d9def803576292c77,-0.0,133.890984,133.890984,363.5185480348946,340.1241209207553
MISO,maxflex,7,6307e11d9def803576292c77,-0.0,133.890984,133.890984,391.51283671450597,355.23419967393096
MISO,maxflex,1,6307e19542ff9e55f36a06f9,-0.0,133.890984,133.890984,363.5185480348946,340.1241209207553
MISO,maxflex,7,6307e19542ff9e55f36a06f9,-0.0,133.890984,133.890984,391.51283671450597,355.23419967393096
MISO,maxflex,1,6307e32a93bdf318a67385da,-0.0,100.601448,100.601448,363.5185480348946,340.1241209207553
MISO,maxflex,7,6307e32a93bdf318a67385da,-0.0,100.601448,100.601448,391.51283671450597,355.23419967393096
MISO,maxflex,1,6307e635e13f0f3e2c64bca7,-6.074461511621572e-16,116.62944000000002,116.62944,363.5185480348946,340.1241209207553
MISO,maxflex,7,6307e635e13f0f3e2c64bca7,-3.9171412904489933e-16,116.62944000000002,116.62944,391.51283671450597,355.23419967393096
MISO,maxflex,1,6307ef595faa282030445e54,0.4386829369893181,82.737264,93.0,363.5185480348946,340.1241209207553
MISO,maxflex,7,6307ef595faa282030445e54,0.28288648180726905,82.737264,93.0,391.51283671450597,355.23419967393096
MISO,maxflex,1,6307f04f93bdf318a67385db,0.015233371525150937,92.64362399999992,93.0,363.5185480348946,340.1241209207553
MISO,maxflex,7,6307f04f93bdf318a67385db,0.009823301782348358,92.64362399999992,93.0,391.51283671450597,355.23419967393096
MISO,maxflex,1,6307f10900d57321d53e6ea6,0.015233371525150937,92.64362399999992,93.0,363.5185480348946,340.1241209207553
MISO,maxflex,7,6307f10900d57321d53e6ea6,0.009823301782348358,92.64362399999992,93.0,391.51283671450597,355.23419967393096
MISO,maxflex,1,6307f1ca5faa282030445e55,0.015233371525150937,92.64362399999992,93.0,363.5185480348946,340.1241209207553
MISO,maxflex,7,6307f1ca5faa282030445e55,0.009823301782348358,92.64362399999992,93.0,391.51283671450597,355.23419967393096
MISO,maxflex,1,6307f63a4683e35208434327,0.5436101483706616,84.282552,97.0,363.5185480348946,340.1241209207553
MISO,maxflex,7,6307f63a4683e35208434327,0.35054922218469714,84.282552,97.0,391.51283671450597,355.23419967393096
MISO,maxflex,1,6307f6cf16089c5ba65a19f9,0.01721606594009804,96.59724,97.0,363.5185480348946,340.1241209207553
MISO,maxflex,7,6307f6cf16089c5ba65a19f9,0.011101850365506413,96.59724,97.0,391.51283671450597,355.23419967393096
MISO,maxflex,1,630cd7555844bf0e1955c386,-6.074461511621572e-16,84.81600000000002,84.816,363.5185480348946,340.1241209207553
MISO,maxflex,7,630cd7555844bf0e1955c386,-3.9171412904489933e-16,84.81600000000002,84.816,391.51283671450597,355.23419967393096
MISO,maxflex,1,630cdf7ba2dd854517510257,37.06072206167989,36.09868398866854,774.0,360.03472369888357,340.1241209207553
MISO,maxflex,7,630cdf7ba2dd854517510257,21.610408058228707,36.09868398866854,774.0,389.3798443932241,355.23419967393096
MISO,maxflex,1,630ce1122a2fb53f0303881b,41.364765374940745,37.402587195467405,861.0,360.0347236988827,340.1241209207553
MISO,maxflex,7,630ce1122a2fb53f0303881b,24.12013067359066,37.402587195467405,861.0,389.37984439322327,355.23419967393096
MISO,maxflex,1,6317c467d1ae7140a54f2649,189.45855954434373,41.88040695652177,4397.0,363.1113092622224,340.1241209207553
MISO,maxflex,7,6317c467d1ae7140a54f2649,172.13058865814997,41.88040695652177,5996.0,389.82491151508435,355.23419967393096
MISO,maxflex,1,6317c7dfe5bf5803bd11dfcb,176.44179579642315,41.09920695652168,4097.0,363.1113092622224,340.1241209207553
MISO,maxflex,7,6317c7dfe5bf5803bd11dfcb,163.50923384812873,41.09920695652168,5697.0,389.82491151508435,355.23419967393096
MISO,maxflex,1,6317cbbfd1ae7140a54f264a,164.246592289418,39.432646956521765,3815.0,363.1113092622224,340.1241209207553
MISO,maxflex,7,6317cbbfd1ae7140a54f264a,155.40493575775415,39.432646956521765,5415.0,389.82491151508435,355.23419967393096
MISO,maxflex,1,6317cd9d3c42094c556d25f7,151.33023577550574,39.34336695652176,3518.0,363.1113092622224,340.1241209207553
MISO,maxflex,7,6317cd9d3c42094c556d25f7,146.7924873848518,39.34336695652176,5117.0,389.82491151508435,355.23419967393096
MISO,maxflex,1,6317d0820b69c524787ebb2c,189.45855954434373,41.88040695652177,4397.0,363.1113092622224,340.1241209207553
MISO,maxflex,7,6317d0820b69c524787ebb2c,172.13058865814997,41.88040695652177,5996.0,389.82491151508435,355.23419967393096
MISO,maxflex,1,6317d241b3a1b75faf24a378,176.44956360157053,40.92064695652175,4097.0,363.1113092622224,340.1241209207553
MISO,maxflex,7,6317d241b3a1b75faf24a378,163.51439592749756,40.92064695652175,5697.0,389.82491151508435,355.23419967393096
MISO,maxflex,1,6317d36717ff42023e3b74ad,164.246592289418,39.432646956521765,3815.0,363.1113092622224,340.1241209207553
MISO,maxflex,7,6317d36717ff42023e3b74ad,155.40493575775415,39.432646956521765,5415.0,389.82491151508435,355.23419967393096
MISO,maxflex,1,6317d4b5b3a1b75faf24a379,151.33023577550574,39.34336695652176,3518.0,363.1113092622224,340.1241209207553
MISO,maxflex,7,6317d4b5b3a1b75faf24a379,146.7924873848518,39.34336695652176,5117.0,389.82491151508435,355.23419967393096
MISO,maxflex,1,6317da070b69c524787ebb2d,189.45855954434373,41.88040695652177,4397.0,363.1113092622224,340.1241209207553
MISO,maxflex,7,6317da070b69c524787ebb2d,172.13058865814997,41.88040695652177,5996.0,389.82491151508435,355.23419967393096
MISO,maxflex,1,6317dc8a9c32bf107372f6a5,164.246592289418,39.432646956521765,3815.0,363.1113092622224,340.1241209207553
MISO,maxflex,7,6317dc8a9c32bf107372f6a5,155.40493575775415,39.432646956521765,5415.0,389.82491151508435,355.23419967393096
MISO,maxflex,1,6317ddae52d0a608de419daf,151.33023577550574,39.34336695652176,3518.0,363.1113092622224,340.1241209207553
MISO,maxflex,7,6317ddae52d0a608de419daf,146.7924873848518,39.34336695652176,5117.0,389.82491151508435,355.23419967393096
MISO,maxflex,1,6317e81352d0a608de419db0,222.9028986590529,94.55360000000101,3988.0,357.5911275016176,340.1241209207553
MISO,maxflex,7,6317e81352d0a608de419db0,200.29092287341405,98.85359999999876,5587.0,382.6350739585118,355.23419967393096
MISO,maxflex,1,6317ea299c32bf107372f6a6,205.85401060540173,92.34664000000062,3688.0,357.5911275016176,340.1241209207553
MISO,maxflex,7,6317ea299c32bf107372f6a6,189.45940571782094,96.64664000000063,5288.0,382.6350739585118,355.23419967393096
MISO,maxflex,1,6317eb440b69c524787ebb2e,189.9913040472588,89.42063999999849,3408.0,357.5911275016176,340.1241209207553
MISO,maxflex,7,6317eb440b69c524787ebb2e,179.3475385919316,93.72063999999921,5008.0,382.6350739585118,355.23419967393096
MISO,maxflex,1,6317ec3717ff42023e3b74ae,173.0410934625278,88.49007999999917,3111.0,357.5911275016176,340.1241209207553
MISO,maxflex,7,6317ec3717ff42023e3b74ae,168.50593416696793,92.79007999999995,4710.0,382.6350739585118,355.23419967393096
MISO,maxflex,1,6318a3c58b38ce24a778a156,0.0026741411391706478,93.93744000000001,94.0,363.5185480348946,340.1241209207553
MISO,maxflex,7,6318a3c58b38ce24a778a156,0.02540999538419557,104.07815999999998,105.0,391.51283671450597,355.23419967393096
MISO,maxflex,1,6318a515b1c61b537d066356,0.0026741411391706478,93.93744000000001,94.0,363.5185480348946,340.1241209207553
MISO,maxflex,7,6318a515b1c61b537d066356,0.02540999538419557,104.07815999999998,105.0,391.51283671450597,355.23419967393096
MISO,maxflex,1,6318a5b4e792a522b14938b5,2.9626508754507443,69.69048000000001,139.0,363.5185480348946,340.1241209207553
MISO,maxflex,7,6318a5b4e792a522b14938b5,2.7098460138662186,69.69048000000001,168.0,391.51283671450597,355.23419967393096
MISO,maxflex,1,6318afef13a7af0c2f7aa105,97.61218736196881,104.00728000000055,1809.0,357.5911275016176,340.1241209207553
MISO,maxflex,7,6318afef13a7af0c2f7aa105,62.23318211190261,117.75640000000067,1823.0,382.6350739585118,355.23419967393096
MISO,maxflex,1,6318b3cb3c42094c556d25f9,0.0175187021176124,102.59016000000001,103.0,363.5185480348946,340.1241209207553
MISO,maxflex,7,6318b3cb3c42094c556d25f9,0.018212371073337372,116.33928,117.0,391.51283671450597,355.23419967393096
MISO,maxflex,1,6318b466b1c61b537d066358,0.0175187021176124,102.59016000000001,103.0,363.5185480348946,340.1241209207553
MISO,maxflex,7,6318b466b1c61b537d066358,0.018212371073337372,116.33928,117.0,391.51283671450597,355.23419967393096
MISO,maxflex,1,6318b539a7d6a72da22a6d26,0.0175187021176124,102.59016000000001,103.0,363.5185480348946,340.1241209207553
MISO,maxflex,7,6318b539a7d6a72da22a6d26,0.018212371073337372,116.33928,117.0,391.51283671450597,355.23419967393096
MISO,maxflex,1,6376addf745024efc800d9ac,6.074461511621572e-16,104.33111999999998,104.33112,363.5185480348946,340.1241209207553
MISO,maxflex,7,6376addf745024efc800d9ac,3.9171412904489933e-16,104.33111999999998,104.33112,391.51283671450597,355.23419967393096
MISO,maxflex,1,6376ae481d17d872ea04321c,6.074461511621572e-16,104.33111999999998,104.33112,363.5185480348946,340.1241209207553
MISO,maxflex,7,6376ae481d17d872ea04321c,3.9171412904489933e-16,104.33111999999998,104.33112,391.51283671450597,355.23419967393096
MISO,maxflex,1,6376af5e8ef50e8ede027000,109.99738298121171,67.67424,2641.0,363.5185480348946,340.1241209207553
MISO,maxflex,7,6376af5e8ef50e8ede027000,70.93226122063518,67.67424,2641.0,391.51283671450597,355.23419967393096
MISO,maxflex,1,6376b084b3354717a20d986e,369.48837024435574,47.92752615384617,6658.0,358.0139193622591,340.1241209207553
MISO,maxflex,7,6376b084b3354717a20d986e,212.21441147067668,47.92752615384617,6658.0,386.3822844148081,355.23419967393096
MISO,maxflex,1,6376b26998f4f4390003b77e,3.477891532953086,72.63671998666784,154.0,363.5185480348946,340.1241209207553
MISO,maxflex,7,6376b26998f4f4390003b77e,2.2427325453242895,72.63671998666784,154.0,391.51283671450597,355.23419967393096
MISO,maxflex,1,6376b2d46d6fefab3c007eab,3.477891532953086,72.63671998666784,154.0,363.5185480348946,340.1241209207553
MISO,maxflex,7,6376b2d46d6fefab3c007eab,2.2427325453242895,72.63671998666784,154.0,391.51283671450597,355.23419967393096
MISO,maxflex,1,6377c94826ae300c680f4a61,296.1825875232034,46.93330051282049,5693.0,359.1869116936363,340.1241209207553
MISO,maxflex,7,6377c94826ae300c680f4a61,229.94331438278994,46.93330051282049,7548.0,387.8555729777036,355.23419967393096
MISO,maxflex,1,6377cc76b3354717a20d986f,311.33309128431165,46.313745641025626,5616.0,358.0139193622559,340.1241209207553
MISO,maxflex,7,6377cc76b3354717a20d986f,237.46841301860465,46.313745641025626,7443.0,386.38228441480464,355.23419967393096
MISO,maxflex,1,6377dcd71d17d872ea04321f,261.86391508348333,42.30733743589743,4727.0,358.0139193622548,340.1241209207553
MISO,maxflex,7,6377dcd71d17d872ea04321f,208.34965342073906,42.30733743589743,6532.0,386.3822844148035,355.23419967393096
MISO,maxflex,1,63d97f3ba11904bde60c5e74,5.439086810466075,50.75567999068402,178.0,363.5185480348946,340.1241209207553
MISO,maxflex,7,63d97f3ba11904bde60c5e74,3.5074173219883735,50.75567999068402,178.0,391.51283671450597,355.23419967393096
MISO,maxflex,1,63d97fa8e4d32d7c2307e142,5.439086810466075,50.75567999068402,178.0,363.5185480348946,340.1241209207553
MISO,maxflex,7,63d97fa8e4d32d7c2307e142,0.006734542121176656,50.75567999068402,51.0,391.51283671450597,355.23419967393096
MISO,maxflex,1,63d9874ca11904bde60c5e75,5.439086810466075,50.75567999068402,178.0,363.5185480348946,340.1241209207553
MISO,maxflex,7,63d9874ca11904bde60c5e75,3.5074173219883735,50.75567999068402,178.0,391.51283671450597,355.23419967393096
MISO,maxflex,1,63d989ef07e7ef6e1709361c,5.439086810466075,50.75567999068402,178.0,363.5185480348946,340.1241209207553
MISO,maxflex,7,63d989ef07e7ef6e1709361c,3.5074173219883735,50.75567999068402,178.0,391.51283671450597,355.23419967393096
MISO,maxflex,1,63d98a8f6656a23b920312ab,5.439086810466075,50.75567999068402,178.0,363.5185480348946,340.1241209207553
MISO,maxflex,7,63d98a8f6656a23b920312ab,0.006734542121176656,50.75567999068402,51.0,391.51283671450597,355.23419967393096
MISO,maxflex,1,63d98af3c695cb1610088291,5.439086810466075,50.75567999068402,178.0,363.5185480348946,340.1241209207553
MISO,maxflex,7,63d98af3c695cb1610088291,3.5074173219883735,50.75567999068402,178.0,391.51283671450597,355.23419967393096
MISO,maxflex,1,63d98d606656a23b920312ac,279.2045578909428,37.31711418994416,5413.0,359.37768513054067,340.1241209207553
MISO,maxflex,7,63d98d606656a23b920312ac,235.8343973072173,37.4658424902724,7815.0,388.21299430251827,355.23419967393096
MISO,maxflex,1,63d98e24b24b0ad359084713,279.2045578909428,37.31711418994416,5413.0,359.37768513054067,340.1241209207553
MISO,maxflex,7,63d98e24b24b0ad359084713,235.8343973072173,37.4658424902724,7815.0,388.21299430251827,355.23419967393096
MISO,maxflex,1,63d994a46656a23b920312ad,-0.0,86.85455999999999,86.85455999999999,363.5185480348946,340.1241209207553
MISO,maxflex,7,63d994a46656a23b920312ad,-0.0,86.85455999999999,86.85455999999999,391.51283671450597,355.23419967393096
MISO,maxflex,1,63d99841c695cb1610088292,-0.0,86.85455999999999,86.85455999999999,363.5185480348946,340.1241209207553
MISO,maxflex,7,63d99841c695cb1610088292,-0.0,86.85455999999999,86.85455999999999,391.51283671450597,355.23419967393096
MISO,maxflex,1,63d99b6234dea1b5460bf8cd,204.33644601788362,35.40423759398498,4013.0,359.59003528834944,340.1241209207553
MISO,maxflex,7,63d99b6234dea1b5460bf8cd,193.24151021000716,35.65620000000001,6522.0,388.8001958774303,355.23419967393096
MISO,maxflex,1,63d99c36106092cdbb0889e9,195.31774916419957,33.96141834586465,3836.0,359.5900352883464,340.1241209207553
MISO,maxflex,7,63d99c36106092cdbb0889e9,186.3736997088753,34.18110127659573,6290.0,388.80019587742726,355.23419967393096
MISO,maxflex,1,63d99caf69f03dd81006cbdd,131.86941247288598,29.99064,3115.0,363.5185480348946,340.1241209207553
MISO,maxflex,7,63d99caf69f03dd81006cbdd,152.56938545634452,29.99064,5565.0,391.51283671450597,355.23419967393096
MISO,maxflex,1,63f52d77062cafa3510fdce1,0.04216021169341968,139.013686,140.0,363.5185480348946,340.1241209207553
MISO,maxflex,7,63f52d77062cafa3510fdce1,0.02718718453025126,139.013686,140.0,391.51283671450597,355.23419967393096
MISO,maxflex,1,63f52f69aec565a5a10dc860,-0.0,100.60070400000001,100.60070400000001,363.5185480348946,340.1241209207553
MISO,maxflex,7,63f52f69aec565a5a10dc860,-0.0,100.60070400000001,100.60070400000001,391.51283671450597,355.23419967393096
MISO,maxflex,1,63f538e34ed084db7e00f23e,2.218375159375026,51.102384,103.0,363.5185480348946,340.1241209207553
MISO,maxflex,7,63f538e34ed084db7e00f23e,0.003283916091828932,47.880863999999995,48.0,391.51283671450597,355.23419967393096
MISO,maxflex,1,63f53a98aec565a5a10dc861,-0.0,78.211512,78.211512,363.5185480348946,340.1241209207553
MISO,maxflex,7,63f53a98aec565a5a10dc861,-0.0,78.211512,78.211512,391.51283671450597,355.23419967393096
MISO,maxflex,1,63f53f850be592f42601c342,486.0658034240109,77.88540800000072,8568.0,357.5911275016176,340.1241209207553
MISO,maxflex,7,63f53f850be592f42601c342,309.848309974515,77.88540800000072,8568.0,382.6350739585118,355.23419967393096
MISO,maxflex,1,63f540840cce559343052af6,448.21461120279366,77.03243199999946,7906.0,357.5911275016176,340.1241209207553
MISO,maxflex,7,63f540840cce559343052af6,285.71962645543636,77.03243199999946,7906.0,382.6350739585118,355.23419967393096
MISO,maxflex,1,63f67336dbcb92ce8f0633bb,0.0785927345108125,86.16136799999997,88.0,363.5185480348946,340.1241209207553
MISO,maxflex,7,63f67336dbcb92ce8f0633bb,0.05068084551899919,86.16136799999997,88.0,391.51283671450597,355.23419967393096
MISO,maxflex,1,63f678573bac831c4f097f18,0.040458866335024005,102.05348799999999,103.0,363.5185480348946,340.1241209207553
MISO,maxflex,7,63f678573bac831c4f097f18,0.026090065034155153,102.05348799999999,103.0,391.51283671450597,355.23419967393096
MISO,maxflex,1,63f67902dc1f0ae8600a68b2,0.040458866335024005,102.05348799999999,103.0,363.5185480348946,340.1241209207553
MISO,maxflex,7,63f67902dc1f0ae8600a68b2,0.026090065034155153,102.05348799999999,103.0,391.51283671450597,355.23419967393096
MISO,maxflex,1,63f67ddcdec75ef0430d531d,0.020652097930685485,96.51685599999999,97.0,363.5185480348946,340.1241209207553
MISO,maxflex,7,63f67ddcdec75ef0430d531d,0.013317589614143244,96.51685599999999,97.0,391.51283671450597,355.23419967393096
MISO,maxflex,1,63f67e6841cd548ab802684e,0.020652097930685485,96.51685599999999,97.0,363.5185480348946,340.1241209207553
MISO,maxflex,7,63f67e6841cd548ab802684e,0.013317589614143244,96.51685599999999,97.0,391.51283671450597,355.23419967393096
MISO,maxflex,1,64500bd8453a04b7fc0b91ec,-0.0,105.78192,105.78192,363.5185480348946,340.1241209207553
MISO,maxflex,7,64500bd8453a04b7fc0b91ec,-0.0,105.78192,105.78192,391.51283671450597,355.23419967393096
MISO,maxflex,1,64500c811bbad7f7f102b8ce,157.7136850364007,91.21402400000072,2846.0,357.5911275016176,340.1241209207553
MISO,maxflex,7,64500c811bbad7f7f102b8ce,100.5364261878616,91.21402400000072,2846.0,382.6350739585118,355.23419967393096
MISO,maxflex,1,645016b2453a04b7fc0b91ed,0.0050671896931248845,61.881456,62.0,363.5185480348946,340.1241209207553
MISO,maxflex,7,645016b2453a04b7fc0b91ed,0.0032675979484769837,61.881456,62.0,391.51283671450597,355.23419967393096
MISO,maxflex,1,645016b2453a04b7fc0b91ee,53.809235549936275,66.11372799999859,1006.0,357.5911275016176,340.1241209207553
MISO,maxflex,7,645016b2453a04b7fc0b91ee,34.301324180224654,66.11372799999859,1006.0,382.6350739585118,355.23419967393096
MISO,maxflex,1,645cf60133525f2caf0b5430,0.010450352073282078,99.75552,100.0,363.5185480348946,340.1241209207553
MISO,maxflex,7,645cf60133525f2caf0b5430,0.018977559687267418,108.31152,109.0,391.51283671450597,355.23419967393096
MISO,maxflex,1,645cf6484a90dec821052e60,0.010450352073282078,99.75552,100.0,363.5185480348946,340.1241209207553
MISO,maxflex,7,645cf6484a90dec821052e60,0.018977559687267418,108.31152,109.0,391.51283671450597,355.23419967393096
MISO,maxflex,1,645d0840a3eb55c86700ae6d,196.37892042087333,56.29858015895283,4392.0,362.2023633746048,340.1241209207553
MISO,maxflex,7,645d0840a3eb55c86700ae6d,151.1298602540555,40.63577043478243,5142.0,388.98903951483544,355.23419967393096
MISO,maxflex,1,645d096e62f66a7ed8029c1c,169.25678411339968,48.62490086956523,3852.0,362.5951557886378,340.1241209207553
MISO,maxflex,7,645d096e62f66a7ed8029c1c,134.1158749896266,37.94011826086966,4565.0,388.9890395148381,355.23419967393096
MISO,maxflex,1,645d0a4711dab086b80b981c,248.5763090502247,60.828847835437124,5499.0,362.0013914074613,340.1241209207553
MISO,maxflex,7,645d0a4711dab086b80b981c,183.98711310208463,39.544462608695575,6250.0,388.98903951483646,355.23419967393096
MISO,maxflex,1,645d0c1e62f66a7ed8029c1d,223.76037636954956,49.2821768302946,4894.0,361.7754869916223,340.1241209207553
MISO,maxflex,7,645d0c1e62f66a7ed8029c1d,165.75498491914368,34.96702956521725,5630.0,388.98903951483544,355.23419967393096
MISO,maxflex,1,645d0c8f62f66a7ed8029c1e,195.26982949637582,40.89740132772321,4317.0,362.02255043108033,340.1241209207553
MISO,maxflex,7,645d0c8f62f66a7ed8029c1e,147.08803682335594,30.06687304347823,4995.0,388.9890395148368,355.23419967393096
MISO,maxflex,1,645d0d2244ebdd7f9c0ddaa0,160.24790434520727,26.092079999999996,3775.0,363.5185480348946,340.1241209207553
MISO,maxflex,7,645d0d2244ebdd7f9c0ddaa0,121.99763496710112,26.09208,4452.0,391.51283671450597,355.23419967393096
MISO,maxflex,1,6488ed043c9f96824400e91e,0.006233963295024362,69.85416,70.0,363.5185480348946,340.1241209207553
MISO,maxflex,7,6488ed043c9f96824400e91e,0.004019996666266582,69.85416,70.0,391.51283671450597,355.23419967393096
MISO,maxflex,1,6488f28f174417300c099ecd,0.05047697871522361,25.81911999999997,27.0,363.5185480348946,340.1241209207553
MISO,maxflex,7,6488f28f174417300c099ecd,0.03255028567787151,25.81911999999997,27.0,391.51283671450597,355.23419967393096
MISO,maxflex,1,6488f97a3c9f96824400e91f,0.03655913416736309,87.14471999999999,88.0,363.5185480348946,340.1241209207553
MISO,maxflex,7,6488f97a3c9f96824400e91f,0.02357530683436884,87.14471999999999,88.0,391.51283671450597,355.23419967393096
MISO,maxflex,1,648b63a34d8448aafd0fd17a,0.024741618887636103,84.42118399999997,85.0,363.5185480348946,340.1241209207553
MISO,maxflex,7,648b63a34d8448aafd0fd17a,0.015954733889068682,84.42118399999997,85.0,391.51283671450597,355.23419967393096
MISO,maxflex,1,648b6d67db2f5916fb00264f,271.7833306522559,46.75877221052555,4794.0,357.5911275016176,340.1241209207553
MISO,maxflex,7,648b6d67db2f5916fb00264f,173.25145091185485,46.75877221052555,4794.0,382.6350739585118,355.23419967393096
MISO,maxflex,1,64f105ea2f2224133a0f16eb,0.0343329629632698,87.19680000000001,88.0,363.5185480348946,340.1241209207553
MISO,maxflex,7,64f105ea2f2224133a0f16eb,0.017729442236303596,98.3568,99.0,391.51283671450597,355.23419967393096
MISO,maxflex,1,64f106c2caac34e88c00ec10,260.224805913673,61.651599999999355,4607.0,357.5911275016176,340.1241209207553
MISO,maxflex,7,64f106c2caac34e88c00ec10,186.19290556757934,63.151600000000464,5165.0,382.6350739585118,355.23419967393096
MISO,maxflex,1,64f1079a7cb4c32ec70b264e,0.005471388520043071,46.872,47.0,363.5185480348946,340.1241209207553
MISO,maxflex,7,64f1079a7cb4c32ec70b264e,0.006835978971709104,61.752,62.0,391.51283671450597,355.23419967393096
MISO,maxflex,1,64f10862caac34e88c00ec11,0.006086919728547697,85.8576,86.0,363.5185480348946,340.1241209207553
MISO,maxflex,7,64f10862caac34e88c00ec11,0.007232906782969692,100.7376,101.0,391.51283671450597,355.23419967393096
MISO,maxflex,1,650b3ede251bd5a06a0427c5,6.074461511621572e-16,106.16135999999992,106.16135999999993,363.5185480348946,340.1241209207553
MISO,maxflex,7,650b3ede251bd5a06a0427c5,3.9171412904489933e-16,106.16135999999992,106.16135999999993,391.51283671450597,355.23419967393096
MISO,maxflex,1,650b5925c02cd372460576b4,48.32292298951445,40.33553485714283,861.0,357.1070435977983,340.1241209207553
MISO,maxflex,7,650b5925c02cd372460576b4,28.348983492936274,40.33553485714283,861.0,384.1828378169477,355.23419967393096
MISO,maxflex,1,65316cd04154d1b3ba095a74,0.018605456662405994,104.56473600000001,105.0,363.5185480348946,340.1241209207553
MISO,maxflex,7,65316cd04154d1b3ba095a74,0.002831418386991546,116.89728000000001,117.0,391.51283671450597,355.23419967393096
MISO,maxflex,1,65316e294154d1b3ba095a75,0.7407945451298412,94.669536,112.0,363.5185480348946,340.1241209207553
MISO,maxflex,7,65316e294154d1b3ba095a75,0.6676425017354976,95.77883999999999,120.0,391.51283671450597,355.23419967393096
MISO,maxflex,1,65317ceb297b3d7e30057932,397.88758742644313,72.09488799999926,7022.0,357.5911275016176,340.1241209207553
MISO,maxflex,7,65317ceb297b3d7e30057932,353.4169696882712,80.0660399999995,9764.0,382.6350739585118,355.23419967393096
MISO,maxflex,1,65317ffdcb43e728cc0155d2,0.034885231242015646,68.18387999999992,69.0,363.5185480348946,340.1241209207553
MISO,maxflex,7,65317ffdcb43e728cc0155d2,0.020136368380697475,79.26948,80.0,391.51283671450597,355.23419967393096
MISO,maxflex,1,653182c7297b3d7e30057934,0.036997871134313715,73.134456,74.0,363.5185480348946,340.1241209207553
MISO,maxflex,7,653182c7297b3d7e30057934,0.016945950839965807,84.385224,85.0,391.51283671450597,355.23419967393096
MISO,maxflex,1,6531abad5f5c0daf7b0f1371,0.03581126374902874,81.16221600000002,82.0,363.5185480348946,340.1241209207553
MISO,maxflex,7,6531abad5f5c0daf7b0f1371,0.012058666906094969,92.562528,93.0,391.51283671450597,355.23419967393096
MISO,maxflex,1,6531b039c3520e3454049cea,650.3427112658563,57.45957600000019,11417.0,357.5911275016176,340.1241209207553
MISO,maxflex,7,6531b039c3520e3454049cea,451.7595718633024,60.39275999999958,12439.0,382.6350739585118,355.23419967393096
MISO,maxflex,1,6531b403b2e5059d2c0aa151,590.0616320481483,54.38958400000054,10361.0,357.5911275016176,340.1241209207553
MISO,maxflex,7,6531b403b2e5059d2c0aa151,412.7502860825418,57.28129599999985,11367.0,382.6350739585118,355.23419967393096
MISO,maxflex,1,6531de6f6a33f57d380f8012,542.6878859116532,51.867120000000234,9531.0,357.5911275016176,340.1241209207553
MISO,maxflex,7,6531de6f6a33f57d380f8012,382.1510796854736,54.726304000000496,10526.0,382.6350739585118,355.23419967393096
MISO,maxflex,1,6531e2a5cb43e728cc0155d3,122.84997542468004,69.02963827101198,1983.0,355.7038583515857,340.1241209207553
MISO,maxflex,7,6531e2a5cb43e728cc0155d3,56.38310536647097,66.76251542209626,1992.0,389.3798443932256,355.23419967393096
MISO,maxflex,1,6531e51ecb43e728cc0155d4,62.380303791597996,65.1312454476844,1037.0,355.7038583515854,340.1241209207553
MISO,maxflex,7,6531e51ecb43e728cc0155d4,28.852336986176333,60.818351660056706,1046.0,389.3798443932283,355.23419967393096
MISO,maxflex,1,6531e6a25f5c0daf7b0f1372,17.718614596248827,61.94863677530016,338.0,355.7038583515788,340.1241209207553
MISO,maxflex,7,6531e6a25f5c0daf7b0f1372,8.488531004209717,56.15363605665723,346.0,389.379844393225,355.23419967393096
MISO,maxflex,1,66300047c0f29c66f80b75b3,185.0320565038381,36.633266086956546,4290.0,363.11130926222245,340.1241209207553
MISO,maxflex,7,66300047c0f29c66f80b75b3,172.34009983851394,36.633266086956546,5998.0,389.82491151508435,355.23419967393096
